file,pass,reasons,complex_samples,unique_i,unique_q,std_i_codes,std_q_codes,clip_fraction,power_p95_p5_db,score_lag1
data/sdr_publication_v2/capture_000.u8,True,,20480000,97,92,4.009397174380581,4.009905562574422,0.0,0.29481670883645705,0.37693226667944685
data/sdr_publication_v2/capture_001.u8,True,,20480000,63,67,3.8445470770286962,3.845119733401734,0.0,0.3134268699652516,0.49910987480039815
data/sdr_publication_v2/capture_002.u8,True,,20480000,73,73,3.92931351029628,3.928555977554831,0.0,0.5533438056036672,0.18103819888508974
data/sdr_publication_v2/capture_003.u8,True,,20480000,95,93,4.104985393071577,4.105391479673379,0.0,0.41481882862129993,0.16088715253911828
data/sdr_publication_v2/capture_004.u8,True,,20480000,92,90,3.9471125785788876,3.9474954920348355,0.0,0.46873289325603196,0.16855695202021212
data/sdr_publication_v2/capture_005.u8,True,,20480000,90,90,3.965774714860066,3.9668672211269316,0.0,0.49156650491973863,0.18416668196280625
data/sdr_publication_v2/capture_006.u8,True,,20480000,90,90,3.90737652335377,3.907644142728678,0.0,0.555278353831234,0.3998134577013316
data/sdr_publication_v2/capture_007.u8,True,,20480000,87,86,3.836488578824824,3.8360113129980387,0.0,0.40502381540184373,0.19443246934602876
data/sdr_publication_v2/capture_008.u8,True,,20480000,90,88,3.7692505974744233,3.767603345948904,0.0,0.5254853537207254,0.5603644897710635
data/sdr_publication_v2/capture_009.u8,True,,20480000,86,88,3.7558544369596825,3.7546509721516874,0.0,0.26633487411240253,0.03492932059102402
data/sdr_publication_v2/capture_010.u8,True,,20480000,91,92,3.9333745362753874,3.9326626279150845,0.0,0.444626873658013,0.37198060121806603
data/sdr_publication_v2/capture_011.u8,True,,20480000,90,88,3.8477225608572017,3.848122431316894,0.0,0.21778321425313862,0.4308626773945638
data/sdr_publication_v2/capture_012.u8,True,,20480000,91,88,3.852823551417216,3.8515503629218837,0.0,0.2948443800964178,0.4366888467830102
data/sdr_publication_v2/capture_013.u8,True,,20480000,92,92,3.879740882450085,3.8797969242500336,0.0,0.25338336068917755,0.3576724180003506
data/sdr_publication_v2/capture_014.u8,True,,20480000,89,89,3.8507911196067033,3.850867678516572,0.0,0.2321107888898375,0.36146652712759164
data/sdr_publication_v2/capture_015.u8,True,,20480000,90,91,3.9258212543159074,3.9242038936784014,0.0,0.5027738787344482,0.29567344554161157
data/sdr_publication_v2/capture_016.u8,True,,20480000,88,87,3.8358291230384047,3.837671018734336,0.0,0.4317449469880934,0.17612765685312914
data/sdr_publication_v2/capture_017.u8,True,,20480000,88,88,3.7762142989246974,3.774170038011885,0.0,0.2693835173491941,0.25960762387282804
data/sdr_publication_v2/capture_018.u8,True,,20480000,86,87,3.7895000791648767,3.7875436354965366,0.0,0.5405995707459361,0.40372114501548656
data/sdr_publication_v2/capture_019.u8,True,,20480000,85,85,3.740228794984002,3.739958243274224,0.0,0.4953321332352836,0.2784721845075287
data/sdr_publication_v2/capture_020.u8,True,,20480000,88,87,3.9124119996679267,3.911290284468933,0.0,0.5880567933931786,0.24612155289059465
data/sdr_publication_v2/capture_021.u8,True,,20480000,88,90,3.8869224017645387,3.8901401927319705,0.0,0.41386238393965513,0.10252005438504865
data/sdr_publication_v2/capture_022.u8,True,,20480000,90,88,3.8686551379372722,3.8671599054040824,0.0,0.44264531592175516,0.19535009607324852
data/sdr_publication_v2/capture_023.u8,True,,20480000,86,88,3.8160242118742667,3.815563338689075,0.0,0.43365153132294765,0.29769165462379965
data/sdr_publication_v2/capture_024.u8,True,,20480000,88,90,3.7718736439863116,3.771298929041203,0.0,0.41610094366784267,0.3024601262149329
data/sdr_publication_v2/capture_025.u8,True,,20480000,87,86,3.7129747502858614,3.7122956668592937,0.0,0.4581986416674866,0.6113492123937461
data/sdr_publication_v2/capture_026.u8,True,,20480000,89,89,3.871281632801823,3.8715904679535953,0.0,0.8033837816605036,0.6890815267000401
data/sdr_publication_v2/capture_027.u8,True,,20480000,89,89,3.824857586509504,3.824299670453578,0.0,0.5602756763880805,0.41689015190863327
data/sdr_publication_v2/capture_028.u8,True,,20480000,88,88,3.841132971788042,3.84151614065437,0.0,0.20485018648717457,0.2331198094078636
data/sdr_publication_v2/capture_029.u8,True,,20480000,86,89,3.8237123587695945,3.8217124640798854,0.0,0.8447514637596889,0.9058906066723191
