file,capture_index,condition,alt_snr_db,true_sorted_positions,static_stop,baseline_stop,oracle_stop,static_cross,baseline_cross,oracle_cross,static_loge_T,baseline_loge_T,oracle_loge_T
capture_000.u8,0,null,,31;32,,,,0,0,0,-2.769197237520686,-2.9811141452109076,-2.7690033640820184
capture_000.u8,0,snr_-24dB,-24.0,31;32,,,,0,0,0,-0.5869310148862203,-2.9573168270911485,-0.4853520563950376
capture_000.u8,0,snr_-21dB,-21.0,31;32,,,,0,0,0,-2.1752505953282775,-2.89190642449966,-2.162367071618852
capture_000.u8,0,snr_-18dB,-18.0,31;32,7,,7,1,0,1,3.303618713949203,-2.246387821191507,6.197032875164167
capture_000.u8,0,snr_-15dB,-15.0,31;32,6,62,5,1,1,1,35.143460480717216,18.770958422571912,40.04064568607983
capture_000.u8,0,snr_-12dB,-12.0,31;32,3,33,3,1,1,1,60.155514744751976,40.14261953869053,61.495825548921935
capture_001.u8,1,null,,31;32,,,,0,0,0,-0.06044384806864121,-2.993814299970972,-0.05217051601789181
capture_001.u8,1,snr_-24dB,-24.0,31;32,,,,0,0,0,-2.2042034384497025,-2.9925015714594014,-2.203620666943494
capture_001.u8,1,snr_-21dB,-21.0,31;32,,,,0,0,0,-1.7051247891419887,-2.9886495160414537,-1.6933245416528997
capture_001.u8,1,snr_-18dB,-18.0,31;32,5,,4,1,0,1,-2.9736368743750603,-2.935063741549843,-2.9736326598326324
capture_001.u8,1,snr_-15dB,-15.0,31;32,4,55,4,1,1,1,9.306042523018236,0.42926008307243735,12.868994577461136
capture_001.u8,1,snr_-12dB,-12.0,31;32,3,26,3,1,1,1,61.18878379535678,48.11464646301819,62.525513179532275
capture_002.u8,2,null,,31;32,,,,0,0,0,-2.8958038452322907,-2.993559753981176,-2.895796766549894
capture_002.u8,2,snr_-24dB,-24.0,31;32,,,,0,0,0,-2.9641029148139286,-2.9926034029027053,-2.964102368356076
capture_002.u8,2,snr_-21dB,-21.0,31;32,,,,0,0,0,-2.985294410380967,-2.991339660546297,-2.985294311745504
capture_002.u8,2,snr_-18dB,-18.0,31;32,,,,0,0,0,-2.990749594433718,-2.9861956620021326,-2.9907494842403537
capture_002.u8,2,snr_-15dB,-15.0,31;32,,,,0,0,0,-2.9842912518471105,-2.9413929921629647,-2.9842894604482524
capture_002.u8,2,snr_-12dB,-12.0,31;32,9,,7,1,0,1,2.513960420929946,-1.6460038877774488,5.834104050658161
capture_003.u8,3,null,,31;32,,,,0,0,0,-2.967641851033351,-2.98395137765776,-2.967639200515392
capture_003.u8,3,snr_-24dB,-24.0,31;32,,,,0,0,0,-2.9796013987232084,-2.977146200648201,-2.979600123696552
capture_003.u8,3,snr_-21dB,-21.0,31;32,,,,0,0,0,-2.9707218204470953,-2.963664143296601,-2.97071702442776
capture_003.u8,3,snr_-18dB,-18.0,31;32,,,,0,0,0,-2.7282900626018516,-2.8969662357378496,-2.725249912985252
capture_003.u8,3,snr_-15dB,-15.0,31;32,,,18,0,0,1,0.6510764251171668,-2.209120972775069,2.3384949451130974
capture_003.u8,3,snr_-12dB,-12.0,31;32,6,45,5,1,1,1,30.94861958894997,26.805535153443504,36.941142066584
capture_004.u8,4,null,,31;32,,,,0,0,0,-2.942481325324342,-2.9819110060172993,-2.942468759444145
capture_004.u8,4,snr_-24dB,-24.0,31;32,,,,0,0,0,-2.99131389542042,-2.9706337177270417,-2.991313720105334
capture_004.u8,4,snr_-21dB,-21.0,31;32,,,,0,0,0,-2.9780947414129595,-2.949627996170407,-2.97809076545491
capture_004.u8,4,snr_-18dB,-18.0,31;32,,,6,0,0,1,-2.9419688509718713,-2.8250679585002207,-2.9419269362401326
capture_004.u8,4,snr_-15dB,-15.0,31;32,4,,4,1,0,1,0.6137809834671673,-1.3433923209215997,2.2426074132334177
capture_004.u8,4,snr_-12dB,-12.0,31;32,4,30,3,1,1,1,40.95945839161658,42.9940729593825,45.4416662398095
capture_005.u8,5,null,,31;32,,,,0,0,0,-2.9928743836416984,-2.983038860264071,-2.992874317209409
capture_005.u8,5,snr_-24dB,-24.0,31;32,,,,0,0,0,-2.9801917546622025,-2.976063054304773,-2.9801898935058118
capture_005.u8,5,snr_-21dB,-21.0,31;32,,,,0,0,0,-2.9847040788766477,-2.963573365822022,-2.9847025396987688
capture_005.u8,5,snr_-18dB,-18.0,31;32,,,,0,0,0,-2.8835261860682193,-2.912895733794058,-2.881818571124123
capture_005.u8,5,snr_-15dB,-15.0,31;32,,,,0,0,0,-0.38394286982122294,-2.50158882202661,1.4107268837277784
capture_005.u8,5,snr_-12dB,-12.0,31;32,9,104,6,1,1,1,26.154032578468122,18.99129555608312,32.99561179734199
capture_006.u8,6,null,,31;32,,,,0,0,0,-2.9124894805693424,-2.971035665751579,-2.9124548826669376
capture_006.u8,6,snr_-24dB,-24.0,31;32,5,,5,1,0,1,-2.921678412030462,-2.9565996195290043,-2.921658831110517
capture_006.u8,6,snr_-21dB,-21.0,31;32,,,,0,0,0,-2.976149941089284,-2.9377203937841894,-2.976149403773651
capture_006.u8,6,snr_-18dB,-18.0,31;32,,,,0,0,0,-2.9029388461092975,-2.8445663789884077,-2.90290659119256
capture_006.u8,6,snr_-15dB,-15.0,31;32,,,,0,0,0,-0.6248773550391721,-2.1284847534143068,-0.5256964260646397
capture_006.u8,6,snr_-12dB,-12.0,31;32,4,67,3,1,1,1,26.53819503419023,26.619495503418786,31.275650890236584
capture_007.u8,7,null,,31;32,,,,0,0,0,-2.855307865535904,-2.985979703329646,-2.8552433224366025
capture_007.u8,7,snr_-24dB,-24.0,31;32,,,,0,0,0,-2.9689089695577313,-2.980017148892786,-2.968907420590856
capture_007.u8,7,snr_-21dB,-21.0,31;32,,,,0,0,0,-2.994210578657507,-2.9680548998974388,-2.994210578657507
capture_007.u8,7,snr_-18dB,-18.0,31;32,,,,0,0,0,-2.810160273469986,-2.904247878133375,-2.8099899991477835
capture_007.u8,7,snr_-15dB,-15.0,31;32,77,,3,1,0,1,4.389887700168913,-2.1218898268477813,6.913240452455077
capture_007.u8,7,snr_-12dB,-12.0,31;32,3,26,3,1,1,1,32.244625077719064,43.80300095007369,38.28251563187719
capture_008.u8,8,null,,31;32,4,,4,1,0,1,-2.4245863013787323,-2.988754273279112,-2.4241362410885605
capture_008.u8,8,snr_-24dB,-24.0,31;32,,,,0,0,0,-2.7144021289437874,-2.9849079752220438,-2.714319224563123
capture_008.u8,8,snr_-21dB,-21.0,31;32,,,,0,0,0,-2.9729024439774,-2.9768155903734503,-2.972900865504291
capture_008.u8,8,snr_-18dB,-18.0,31;32,77,,37,1,0,1,-1.6748178862489385,-2.91834762955262,-1.660243886912483
capture_008.u8,8,snr_-15dB,-15.0,31;32,15,,14,1,0,1,19.5181082396484,-1.9777434682146973,24.286420234862966
capture_008.u8,8,snr_-12dB,-12.0,31;32,6,38,4,1,1,1,49.90092848447356,32.31585282575183,52.56716924387298
capture_009.u8,9,null,,31;32,,,,0,0,0,-2.774482308542841,-2.9594560941599513,-2.774147192104713
capture_009.u8,9,snr_-24dB,-24.0,31;32,,,,0,0,0,-2.893730697144095,-2.913007564169849,-2.8936593049179433
capture_009.u8,9,snr_-21dB,-21.0,31;32,,,,0,0,0,-2.6238343159666924,-2.7432769328016344,-2.6178048425537463
capture_009.u8,9,snr_-18dB,-18.0,31;32,10,,8,1,0,1,7.012859310613785,-0.955361860315934,10.50070652992801
capture_009.u8,9,snr_-15dB,-15.0,31;32,5,35,4,1,1,1,35.48227088627058,38.57099459990821,40.744264083194885
capture_009.u8,9,snr_-12dB,-12.0,31;32,3,24,3,1,1,1,74.33900674077658,57.31387597268568,74.8703288766025
capture_010.u8,10,null,,31;32,,,,0,0,0,-2.9615125622143523,-2.978983430200532,-2.9615108820726936
capture_010.u8,10,snr_-24dB,-24.0,31;32,,,,0,0,0,-2.71068692172014,-2.968657736197384,-2.7099204233671412
capture_010.u8,10,snr_-21dB,-21.0,31;32,,,,0,0,0,-2.871419097867067,-2.9510866212602247,-2.871264158476836
capture_010.u8,10,snr_-18dB,-18.0,31;32,,,,0,0,0,-0.9312868517200235,-2.8611322373907293,-0.5991032553461455
capture_010.u8,10,snr_-15dB,-15.0,31;32,11,,9,1,0,1,9.316907018262075,-2.100867993235007,13.500253658534751
capture_010.u8,10,snr_-12dB,-12.0,31;32,3,56,3,1,1,1,33.933762945768216,26.6732800644633,39.35313784777403
capture_011.u8,11,null,,31;32,,,,0,0,0,-2.9052268199044096,-2.9938275500597364,-2.9052214343155462
capture_011.u8,11,snr_-24dB,-24.0,31;32,,,75,0,0,1,-2.992758966273479,-2.9905720580478703,-2.9927589379245934
capture_011.u8,11,snr_-21dB,-21.0,31;32,,,,0,0,0,-2.976484083103271,-2.973563343516458,-2.9764791223084157
capture_011.u8,11,snr_-18dB,-18.0,31;32,31,,16,1,0,1,-0.32704531076619464,-2.533410019833979,1.349662106421464
capture_011.u8,11,snr_-15dB,-15.0,31;32,6,38,4,1,1,1,38.04700423118162,28.24924514241373,42.96853745458379
capture_011.u8,11,snr_-12dB,-12.0,31;32,4,27,3,1,1,1,71.06204518760923,49.88948280235088,71.68413040927773
capture_012.u8,12,null,,31;32,,,15,0,0,1,-2.939820818127712,-2.993809297316604,-2.9398178118049607
capture_012.u8,12,snr_-24dB,-24.0,31;32,17,,12,1,0,1,-2.9010059552762035,-2.9900462264216725,-2.9009815560720273
capture_012.u8,12,snr_-21dB,-21.0,31;32,13,,8,1,0,1,-2.878349370653193,-2.973432703240699,-2.8782665403562224
capture_012.u8,12,snr_-18dB,-18.0,31;32,3,,3,1,0,1,4.472732414634936,-2.4642878789996097,6.866117462674271
capture_012.u8,12,snr_-15dB,-15.0,31;32,3,45,3,1,1,1,46.498242936023836,22.484805409737522,49.703402683738034
capture_012.u8,12,snr_-12dB,-12.0,31;32,3,25,3,1,1,1,62.49895492008598,45.8909605005057,63.78313319875642
capture_013.u8,13,null,,31;32,,,,0,0,0,-2.2840106924452117,-2.990550898918204,-2.282531937758144
capture_013.u8,13,snr_-24dB,-24.0,31;32,,,,0,0,0,-2.856190677613855,-2.982654110859086,-2.856116887129638
capture_013.u8,13,snr_-21dB,-21.0,31;32,,,,0,0,0,-2.771252042741072,-2.95245077914913,-2.770814296230262
capture_013.u8,13,snr_-18dB,-18.0,31;32,7,,7,1,0,1,5.504925731403799,-2.560163951830278,7.832071418798944
capture_013.u8,13,snr_-15dB,-15.0,31;32,8,68,5,1,1,1,37.131491530126226,12.523987154594993,41.73107281822414
capture_013.u8,13,snr_-12dB,-12.0,31;32,3,24,3,1,1,1,68.3919464801705,55.23835510273262,69.30217853975819
capture_014.u8,14,null,,31;32,,,,0,0,0,-2.8586978823224567,-2.986764508046923,-2.8586865022919037
capture_014.u8,14,snr_-24dB,-24.0,31;32,,,,0,0,0,-2.9629179618910215,-2.9677625587775425,-2.9629174332057002
capture_014.u8,14,snr_-21dB,-21.0,31;32,7,,7,1,0,1,-0.7585294707909076,-2.9033507158741156,-0.7211893466718814
capture_014.u8,14,snr_-18dB,-18.0,31;32,4,,3,1,0,1,17.117529066725282,-2.1973538903911765,21.679533106489387
capture_014.u8,14,snr_-15dB,-15.0,31;32,7,155,6,1,1,1,40.24737217766318,8.788648805290109,44.20092406802283
capture_014.u8,14,snr_-12dB,-12.0,31;32,3,30,3,1,1,1,59.60830479401261,41.891797425757495,60.97954236295949
capture_015.u8,15,null,,31;32,,,,0,0,0,-2.9673815138381037,-2.9924132649164874,-2.967379355180263
capture_015.u8,15,snr_-24dB,-24.0,31;32,,,,0,0,0,-2.9712399597348664,-2.9908333470161983,-2.9712389693596166
capture_015.u8,15,snr_-21dB,-21.0,31;32,,,,0,0,0,-2.9923070842295783,-2.9882159636765713,-2.992307056964205
capture_015.u8,15,snr_-18dB,-18.0,31;32,,,,0,0,0,-2.967657943110991,-2.977221869294338,-2.967650921736563
capture_015.u8,15,snr_-15dB,-15.0,31;32,,,,0,0,0,-2.7949758336734165,-2.8724153501808725,-2.794443582223623
capture_015.u8,15,snr_-12dB,-12.0,31;32,8,,5,1,0,1,14.467297996605426,2.00546787899754,19.06435167455503
capture_016.u8,16,null,,31;32,,,,0,0,0,-1.795661479987973,-2.992991194774467,-1.7940337125428931
capture_016.u8,16,snr_-24dB,-24.0,31;32,,,,0,0,0,-2.8987793162513813,-2.9918666956955966,-2.8987627807827363
capture_016.u8,16,snr_-21dB,-21.0,31;32,,,,0,0,0,-2.9824752425287726,-2.9895214981856664,-2.9824747951687502
capture_016.u8,16,snr_-18dB,-18.0,31;32,,,,0,0,0,-2.975623897696033,-2.977520595003623,-2.975622611892601
capture_016.u8,16,snr_-15dB,-15.0,31;32,11,,8,1,0,1,-2.737081977238016,-2.8306004177483537,-2.736442393443924
capture_016.u8,16,snr_-12dB,-12.0,31;32,5,44,4,1,1,1,20.737051618393313,13.491833295794178,26.844462455111927
capture_017.u8,17,null,,31;32,,,,0,0,0,-2.650548730966809,-2.9927760834974855,-2.6504496170088996
capture_017.u8,17,snr_-24dB,-24.0,31;32,,,,0,0,0,-2.945217462139629,-2.9897050163490837,-2.945213801166244
capture_017.u8,17,snr_-21dB,-21.0,31;32,,,,0,0,0,-2.8620845666333063,-2.9823678835797187,-2.862035080554817
capture_017.u8,17,snr_-18dB,-18.0,31;32,,,5,0,0,1,-0.5901963342368909,-2.8852457113624945,-0.4297220223109102
capture_017.u8,17,snr_-15dB,-15.0,31;32,3,,3,1,0,1,21.596757502312457,-1.060163467511627,27.26026791969483
capture_017.u8,17,snr_-12dB,-12.0,31;32,3,31,3,1,1,1,56.499512222361176,41.986571069489564,58.1927111906785
capture_018.u8,18,null,,31;32,,,,0,0,0,-2.4222953286279747,-2.85478895366888,-2.4207358841230917
capture_018.u8,18,snr_-24dB,-24.0,31;32,,,,0,0,0,-2.4888459825068012,-2.7765608284033902,-2.4868899538495004
capture_018.u8,18,snr_-21dB,-21.0,31;32,,,24,0,0,1,-2.252521415459592,-2.6488138467013025,-2.2490334537471903
capture_018.u8,18,snr_-18dB,-18.0,31;32,,,24,0,0,1,-1.6763351004898062,-2.2173534265108445,-1.6377980406975923
capture_018.u8,18,snr_-15dB,-15.0,31;32,16,151,7,1,1,1,10.737928761174187,1.8415703548311158,14.434706871996033
capture_018.u8,18,snr_-12dB,-12.0,31;32,4,30,4,1,1,1,42.64259582423468,43.27794433980316,46.62413417126665
capture_019.u8,19,null,,31;32,,,,0,0,0,-2.5102814042732855,-2.7791312949017573,-2.5083642147330263
capture_019.u8,19,snr_-24dB,-24.0,31;32,,,,0,0,0,-2.808518742579847,-2.632279501096396,-2.8083667328193433
capture_019.u8,19,snr_-21dB,-21.0,31;32,,,,0,0,0,-0.4025481122893373,-2.407904964235593,-0.31825662781600206
capture_019.u8,19,snr_-18dB,-18.0,31;32,43,,5,1,0,1,4.529365932613312,-1.5886642859879516,6.574112431772327
capture_019.u8,19,snr_-15dB,-15.0,31;32,34,97,9,1,1,1,17.130057953487558,11.165970200077837,21.575629120733247
capture_019.u8,19,snr_-12dB,-12.0,31;32,4,30,4,1,1,1,47.75078915880485,49.79048313043648,50.950557756104416
capture_020.u8,20,null,,31;32,,,,0,0,0,-2.2277202440093773,-2.994101739146379,-2.2272116954593937
capture_020.u8,20,snr_-24dB,-24.0,31;32,,,,0,0,0,-2.8186294379635486,-2.99365303841596,-2.8186077012488218
capture_020.u8,20,snr_-21dB,-21.0,31;32,,,,0,0,0,-2.534957446598761,-2.992847314849852,-2.534704928332823
capture_020.u8,20,snr_-18dB,-18.0,31;32,,,,0,0,0,-2.74028477512695,-2.990093715598088,-2.740139934147915
capture_020.u8,20,snr_-15dB,-15.0,31;32,,,,0,0,0,-2.929155288381598,-2.965710059546757,-2.929121655067881
capture_020.u8,20,snr_-12dB,-12.0,31;32,7,,7,1,0,1,14.261426794307923,-2.2927430114778264,18.195418626038208
capture_021.u8,21,null,,31;32,,,,0,0,0,-0.8932739091230923,-2.993198133127956,-0.8903972249562536
capture_021.u8,21,snr_-24dB,-24.0,31;32,,,,0,0,0,-2.583962091295713,-2.9916673772257267,-2.583789416913931
capture_021.u8,21,snr_-21dB,-21.0,31;32,,,,0,0,0,-2.8594342114368545,-2.988492459553459,-2.8594079126416267
capture_021.u8,21,snr_-18dB,-18.0,31;32,,,,0,0,0,-2.8891497108220006,-2.977596386386506,-2.889057797880905
capture_021.u8,21,snr_-15dB,-15.0,31;32,,,112,0,0,1,-0.20722517217563863,-2.830618941571756,1.6886046379587667
capture_021.u8,21,snr_-12dB,-12.0,31;32,17,107,6,1,1,1,21.855065890299347,12.105826279684255,28.93499393825939
capture_022.u8,22,null,,31;32,,,,0,0,0,-2.9461798348579964,-2.986163878781116,-2.946176592292635
capture_022.u8,22,snr_-24dB,-24.0,31;32,,,,0,0,0,-2.9652478671701172,-2.9811117469109525,-2.965243954880235
capture_022.u8,22,snr_-21dB,-21.0,31;32,,,,0,0,0,-2.9242761602003413,-2.9723833407400035,-2.9242591541859806
capture_022.u8,22,snr_-18dB,-18.0,31;32,,,5,0,0,1,-2.9717334004701597,-2.921874863469439,-2.9717256799734755
capture_022.u8,22,snr_-15dB,-15.0,31;32,8,,4,1,0,1,1.0276262919945653,-2.4644843520374864,4.396501501546508
capture_022.u8,22,snr_-12dB,-12.0,31;32,4,57,3,1,1,1,30.335294129351798,21.656417727363355,36.25991885249239
capture_023.u8,23,null,,31;32,,,18,0,0,1,-2.9815134617181367,-2.9861398857905024,-2.981513022122578
capture_023.u8,23,snr_-24dB,-24.0,31;32,,,,0,0,0,-2.9218117014821914,-2.980236817732439,-2.921794889221727
capture_023.u8,23,snr_-21dB,-21.0,31;32,,,,0,0,0,-2.9893402408372567,-2.9687306096710473,-2.989340217605159
capture_023.u8,23,snr_-18dB,-18.0,31;32,36,,10,1,0,1,-2.9081878560197,-2.9075963467924373,-2.908149709385776
capture_023.u8,23,snr_-15dB,-15.0,31;32,7,,5,1,0,1,0.06829548321754395,-1.99554009414459,0.5165681915561765
capture_023.u8,23,snr_-12dB,-12.0,31;32,4,26,4,1,1,1,41.03669659523553,35.2735096893816,45.134154041603104
capture_024.u8,24,null,,31;32,,,,0,0,0,-2.8756661038712625,-2.969780224317939,-2.8756218857995757
capture_024.u8,24,snr_-24dB,-24.0,31;32,,,,0,0,0,-2.7298560527288576,-2.9474719333007227,-2.72962564778986
capture_024.u8,24,snr_-21dB,-21.0,31;32,,,,0,0,0,-2.2616260165967255,-2.91132992254061,-2.260278840020709
capture_024.u8,24,snr_-18dB,-18.0,31;32,28,,4,1,0,1,-0.11958001392764811,-2.687828560197829,0.2951931907995674
capture_024.u8,24,snr_-15dB,-15.0,31;32,10,,3,1,0,1,10.21285770559916,-0.46547735510472,14.47229552348653
capture_024.u8,24,snr_-12dB,-12.0,31;32,3,27,3,1,1,1,51.83678839964789,45.76802389961085,53.84202361254199
capture_025.u8,25,null,,31;32,,,,0,0,0,-2.9464735665992605,-2.9598783396041313,-2.946459642276939
capture_025.u8,25,snr_-24dB,-24.0,31;32,,,,0,0,0,-2.955962715108403,-2.921366452178909,-2.955955456445664
capture_025.u8,25,snr_-21dB,-21.0,31;32,,,,0,0,0,-2.639003458243006,-2.8484819158119623,-2.6373604255563943
capture_025.u8,25,snr_-18dB,-18.0,31;32,,,,0,0,0,-1.2491651680395977,-2.540930205076103,-1.2288996232939584
capture_025.u8,25,snr_-15dB,-15.0,31;32,25,163,14,1,1,1,11.34085856500528,4.950038714098663,16.268265235140383
capture_025.u8,25,snr_-12dB,-12.0,31;32,4,27,3,1,1,1,51.10636769593974,50.465266116669596,53.88410723070987
capture_026.u8,26,null,,31;32,,,,0,0,0,-0.44840813524223777,-2.9775114976278765,-0.4450501627601404
capture_026.u8,26,snr_-24dB,-24.0,31;32,,,,0,0,0,-2.7745934992849706,-2.968505876268779,-2.7745772327814073
capture_026.u8,26,snr_-21dB,-21.0,31;32,,,,0,0,0,-0.7220006182443425,-2.956218573784737,-0.7166587040897543
capture_026.u8,26,snr_-18dB,-18.0,31;32,6,,6,1,0,1,0.4900159648303489,-2.920351077362552,0.5007578560158475
capture_026.u8,26,snr_-15dB,-15.0,31;32,53,,43,1,0,1,6.402789381514873,-2.570471845631701,8.171167950575443
capture_026.u8,26,snr_-12dB,-12.0,31;32,5,43,5,1,1,1,30.88520113086419,18.29480440046097,34.45464256901705
capture_027.u8,27,null,,31;32,,,,0,0,0,-2.0357623928372144,-2.9941789156255845,-2.0351592430666656
capture_027.u8,27,snr_-24dB,-24.0,31;32,,,,0,0,0,-2.8534532840826983,-2.993741877723057,-2.853444002411054
capture_027.u8,27,snr_-21dB,-21.0,31;32,,,,0,0,0,-2.8647664245186935,-2.9931348752654565,-2.86473701467574
capture_027.u8,27,snr_-18dB,-18.0,31;32,,,,0,0,0,-2.8951473780393133,-2.990869854498945,-2.8951342344871227
capture_027.u8,27,snr_-15dB,-15.0,31;32,,,,0,0,0,-2.52000990111616,-2.973473635378823,-2.5189855611142034
capture_027.u8,27,snr_-12dB,-12.0,31;32,7,,4,1,0,1,4.8513426609910635,-2.051469913387188,7.831218309597667
capture_028.u8,28,null,,31;32,,,,0,0,0,-2.6367190993555436,-2.9818630749522286,-2.636433636919718
capture_028.u8,28,snr_-24dB,-24.0,31;32,,,,0,0,0,-2.972062439973939,-2.9573693571250326,-2.97206009570725
capture_028.u8,28,snr_-21dB,-21.0,31;32,,,6,0,0,1,-2.6397677987982227,-2.8768374092187585,-2.6393614776870593
capture_028.u8,28,snr_-18dB,-18.0,31;32,6,,4,1,0,1,1.4690208910648734,-1.8363542497512624,3.3922538433326226
capture_028.u8,28,snr_-15dB,-15.0,31;32,4,47,3,1,1,1,41.14456507266157,28.27886961787069,45.48707375851567
capture_028.u8,28,snr_-12dB,-12.0,31;32,3,24,3,1,1,1,65.707415131924,53.075566408868895,66.69633862072315
capture_029.u8,29,null,,31;32,140,,139,1,0,1,-0.8926068487721328,-2.8816050826819732,-0.8918931822587135
capture_029.u8,29,snr_-24dB,-24.0,31;32,,,144,0,0,1,-1.6506583002499875,-2.801601970505576,-1.6495084161093532
capture_029.u8,29,snr_-21dB,-21.0,31;32,114,,106,1,0,1,-0.34883112248320036,-2.642306098611451,-0.3353418265272055
capture_029.u8,29,snr_-18dB,-18.0,31;32,67,,17,1,0,1,7.285801095338105,-1.4657498117429597,9.321276636698595
capture_029.u8,29,snr_-15dB,-15.0,31;32,8,42,5,1,1,1,36.779008784552346,30.2842285034488,41.084533651531245
capture_029.u8,29,snr_-12dB,-12.0,31;32,3,24,3,1,1,1,67.80792167548755,56.966365658097615,68.93237389313555
