condition,captures,method,cross_count,cross_rate,cross_ci_low,cross_ci_high,median_stop_detected
null,30,static,2,0.06666666666666667,0.018477023791270378,0.2132345836261692,72.0
null,30,baseline,0,0.0,0.0,0.11351339317396876,
null,30,oracle,4,0.13333333333333333,0.053096554840547455,0.296813266820363,16.5
snr_-24dB,30,static,2,0.06666666666666667,0.018477023791270378,0.2132345836261692,11.0
snr_-24dB,30,baseline,0,0.0,0.0,0.11351339317396876,
snr_-24dB,30,oracle,4,0.13333333333333333,0.053096554840547455,0.296813266820363,43.5
snr_-21dB,30,static,3,0.1,0.03459988874733419,0.25621082579184085,13.0
snr_-21dB,30,baseline,0,0.0,0.0,0.11351339317396876,
snr_-21dB,30,oracle,5,0.16666666666666666,0.0733654237184855,0.3356435050641603,8.0
snr_-18dB,30,static,14,0.4666666666666667,0.30232388907699753,0.638577003801267,8.5
snr_-18dB,30,baseline,0,0.0,0.0,0.11351339317396876,
snr_-18dB,30,oracle,18,0.6,0.42320360253322475,0.7540937188319815,6.0
snr_-15dB,30,static,22,0.7333333333333333,0.555520383048111,0.8581733668040368,8.0
snr_-15dB,30,baseline,12,0.4,0.24590628116801852,0.5767963974667752,58.5
snr_-15dB,30,oracle,24,0.8,0.6269430358685175,0.9049489282271013,5.0
snr_-12dB,30,static,30,1.0,0.8864866068260312,0.9999999999999999,4.0
snr_-12dB,30,baseline,26,0.8666666666666667,0.703186733179637,0.9469034451594526,30.0
snr_-12dB,30,oracle,30,1.0,0.8864866068260312,0.9999999999999999,3.0
