K,M,condition,true_gamma,horizon,reps,baseline_method,baseline_delta,baseline_D,static_minus_baseline,static_minus_baseline_ci_low,static_minus_baseline_ci_high,oracle_minus_static,oracle_minus_static_ci_low,oracle_minus_static_ci_high
24,2,null,,40,5000,band_ons,0.005,,0.0096,0.007,0.0122,0.0182,0.0146,0.022
24,2,null,,100,5000,band_ons,0.005,,0.011,0.0082,0.014,0.0214,0.01759500000000001,0.0252
24,2,null,,200,5000,band_ons,0.005,,0.0112,0.0084,0.014,0.0216,0.0176,0.0256
24,2,beta_2,2.0,40,5000,band_ons,0.005,,0.1106,0.1018,0.1194,0.2248,0.2132,0.2366
24,2,beta_2,2.0,100,5000,band_ons,0.005,,0.1596,0.1494,0.1694,0.2396,0.2282,0.2516
24,2,beta_2,2.0,200,5000,band_ons,0.005,,0.1824,0.1722,0.1934,0.2434,0.231395,0.2546
24,2,beta_4,4.0,40,5000,band_ons,0.035,,0.6482,0.6346,0.6614,0.2702,0.257595,0.28340499999999996
24,2,beta_4,4.0,100,5000,band_ons,0.04,,0.8136,0.8026,0.8246,0.1448,0.135,0.1542
24,2,beta_4,4.0,200,5000,band_ons,0.045,,0.8652,0.8556,0.875,0.0982,0.0904,0.10680499999999998
24,2,beta_8,8.0,40,5000,band_ons,0.035,,0.9202,0.9128,0.9276,0.0192,0.0154,0.023004999999999973
24,2,beta_8,8.0,100,5000,band_ons,0.045,,0.7646,0.752595,0.7766,0.0036,0.002,0.005204999999999973
24,2,beta_8,8.0,200,5000,band_ons,0.045,,0.6546,0.641,0.6682,0.002,0.0008,0.0034
32,2,null,,40,5000,band_ons,0.005,,0.0116,0.0086,0.0146,0.0156,0.0122,0.019
32,2,null,,100,5000,band_ons,0.005,,0.014,0.0108,0.0174,0.018,0.0144,0.0218
32,2,null,,200,5000,band_ons,0.005,,0.0144,0.0112,0.0178,0.018,0.0146,0.0216
32,2,beta_2,2.0,40,5000,band_ons,0.005,,0.1346,0.1254,0.144,0.2218,0.2104,0.2332
32,2,beta_2,2.0,100,5000,band_ons,0.005,,0.1818,0.171595,0.193,0.2396,0.227595,0.2516
32,2,beta_2,2.0,200,5000,band_mix,0.045,,0.2034,0.1918,0.2142,0.236,0.223795,0.2482
32,2,beta_4,4.0,40,5000,band_ons,0.035,,0.7134,0.701195,0.7266,0.2054,0.194195,0.2168
32,2,beta_4,4.0,100,5000,band_ons,0.04,,0.8,0.7885949999999999,0.8108,0.1042,0.09599500000000001,0.1126
32,2,beta_4,4.0,200,5000,band_mix,0.045,,0.7992,0.788,0.8104,0.0666,0.0598,0.0736
32,2,beta_8,8.0,40,5000,band_ons,0.035,,0.5796,0.5654,0.5936049999999999,0.0068,0.0046,0.0092
32,2,beta_8,8.0,100,5000,band_ons,0.04,,0.2706,0.258595,0.2836,0.0008,0.0002,0.0016
32,2,beta_8,8.0,200,5000,band_mix,0.045,,0.1636,0.1532,0.1734,0.0002,0.0,0.0006
