K,M,condition,true_gamma,horizon,reps,reported_method,underlying_method,delta,D,cross_count,cross_rate,cross_ci_low,cross_ci_high,median_delay_detected,delay_ci_low,delay_ci_high,median_loge,threshold
24,2,null,,40,5000,static,static,,,48,0.0096,0.007248675096817013,0.012704286970895016,12.0,9.5,15.0,-2.6697178934047834,20.0
24,2,null,,40,5000,best_grid_baseline,band_ons,0.005,,0,0.0,0.0,0.0007677019450571244,,,,-0.010550452528184316,22.111111111111107
24,2,null,,40,5000,oracle,oracle,,,139,0.0278,0.023593021362704494,0.03273199635420746,11.0,9.0,12.0,-2.5022040292990146,20.0
24,2,null,,100,5000,static,static,,,55,0.011,0.008461172335733187,0.014289640166532683,13.0,11.0,20.0,-2.843264184141918,20.0
24,2,null,,100,5000,best_grid_baseline,band_ons,0.005,,0,0.0,0.0,0.0007677019450571244,,,,-0.01797915553961854,22.111111111111107
24,2,null,,100,5000,oracle,oracle,,,162,0.0324,0.027839983119601012,0.037677971739416415,12.0,11.0,15.5,-2.8277968994200435,20.0
24,2,null,,200,5000,static,static,,,56,0.0112,0.008635392875722448,0.014515112545765398,13.0,11.0,20.0,-2.8984726224450768,20.0
24,2,null,,200,5000,best_grid_baseline,band_ons,0.005,,0,0.0,0.0,0.0007677019450571244,,,,-0.023548680615597766,22.111111111111107
24,2,null,,200,5000,oracle,oracle,,,164,0.0328,0.02821060570117788,0.03810673499628352,12.5,11.0,16.0,-2.8960460071317824,20.0
24,2,beta_2,2.0,40,5000,static,static,,,553,0.1106,0.1022037493179392,0.11959413695687131,15.0,14.0,17.0,-1.8199355534188306,20.0
24,2,beta_2,2.0,40,5000,best_grid_baseline,band_ons,0.005,,0,0.0,0.0,0.0007677019450571244,,,,-0.035431402720645,22.111111111111107
24,2,beta_2,2.0,40,5000,oracle,oracle,,,1677,0.3354,0.3224442392020944,0.34860848827821844,13.0,12.0,14.0,-0.37498229873650724,20.0
24,2,beta_2,2.0,100,5000,static,static,,,798,0.1596,0.14971053785160376,0.17001211363259117,24.0,22.0,26.0,-1.938918224470299,20.0
24,2,beta_2,2.0,100,5000,best_grid_baseline,band_ons,0.005,,0,0.0,0.0,0.0007677019450571244,,,,-0.05271346430806019,22.111111111111107
24,2,beta_2,2.0,100,5000,oracle,oracle,,,1996,0.3992,0.3857078916790374,0.4128468770330862,16.0,15.0,16.0,-1.1955908854827957,20.0
24,2,beta_2,2.0,200,5000,static,static,,,912,0.1824,0.1719411577708884,0.19334648650461198,29.0,26.0,31.5,-1.9483316844508218,20.0
24,2,beta_2,2.0,200,5000,best_grid_baseline,band_ons,0.005,,0,0.0,0.0,0.0007677019450571244,,,,-0.06434860973382653,22.111111111111107
24,2,beta_2,2.0,200,5000,oracle,oracle,,,2129,0.4258,0.41215652405465375,0.4395574029139928,17.0,16.0,18.0,-1.498434641971845,20.0
24,2,beta_4,4.0,40,5000,static,static,,,3243,0.6486,0.6352576869187668,0.6617141520631621,14.0,14.0,15.0,3.2217336377972305,20.0
24,2,beta_4,4.0,40,5000,best_grid_baseline,band_ons,0.035,,2,0.0004,0.00010970128207763504,0.0014573865014234437,38.5,37.0,40.0,-0.5269958327293485,64.33333333333333
24,2,beta_4,4.0,40,5000,oracle,oracle,,,4594,0.9188,0.9109035955215973,0.9260533773292229,8.0,8.0,8.0,6.887875922974233,20.0
24,2,beta_4,4.0,100,5000,static,static,,,4090,0.818,0.8070623216116375,0.8284494199513062,18.0,17.5,19.0,5.6527025234086725,20.0
24,2,beta_4,4.0,100,5000,best_grid_baseline,band_ons,0.04,,22,0.0044,0.002907564752999219,0.006653381414941403,65.5,56.0,91.0,-0.8504424879540705,95.99999999999997
24,2,beta_4,4.0,100,5000,oracle,oracle,,,4814,0.9628,0.9571890088775437,0.9677004062021115,8.0,8.0,9.0,9.704114918773245,20.0
24,2,beta_4,4.0,200,5000,static,static,,,4379,0.8758,0.8663687670883591,0.884654228129736,20.0,19.0,20.024999999999864,7.331911094475686,20.0
24,2,beta_4,4.0,200,5000,best_grid_baseline,band_ons,0.045,,53,0.0106,0.008113451615220025,0.013837975048601892,117.0,96.0,149.0,-1.1349085487294053,190.99999999999983
24,2,beta_4,4.0,200,5000,oracle,oracle,,,4870,0.974,0.9692118917750088,0.978060326781077,9.0,8.0,9.0,11.583699890913351,20.0
24,2,beta_8,8.0,40,5000,static,static,,,4899,0.9798,0.9755163018279663,0.983347011385557,8.0,8.0,8.0,10.476375049598161,20.0
24,2,beta_8,8.0,40,5000,best_grid_baseline,band_ons,0.035,,298,0.0596,0.05336981270225661,0.06650637917094972,33.0,33.0,34.0,-0.27448705105432036,64.33333333333333
24,2,beta_8,8.0,40,5000,oracle,oracle,,,4995,0.999,0.9976610469499418,0.9995727865088913,5.0,5.0,5.0,14.72705298369872,20.0
24,2,beta_8,8.0,100,5000,static,static,,,4981,0.9962,0.994072271440611,0.9975658611491144,8.0,8.0,9.0,16.74867712641658,20.0
24,2,beta_8,8.0,100,5000,best_grid_baseline,band_ons,0.045,,1158,0.2316,0.2201157218341085,0.24349638056999823,58.0,57.0,60.0,-0.23586311037884578,190.99999999999983
24,2,beta_8,8.0,100,5000,oracle,oracle,,,4999,0.9998,0.9988679109191605,0.9999646942165608,5.0,5.0,5.0,21.973787050095474,20.0
24,2,beta_8,8.0,200,5000,static,static,,,4990,0.998,0.996322115723667,0.9989132531390561,8.0,8.0,9.0,21.786771343023887,20.0
24,2,beta_8,8.0,200,5000,best_grid_baseline,band_ons,0.045,,1717,0.3434,0.33036297488545824,0.35667746936373373,75.0,74.0,79.0,-0.20844521418403322,190.99999999999983
24,2,beta_8,8.0,200,5000,oracle,oracle,,,5000,1.0,0.9992322980549431,1.0,5.0,5.0,5.0,27.916581035097355,20.0
32,2,null,,40,5000,static,static,,,58,0.0116,0.008984523450010988,0.014965367809920811,7.0,6.0,10.0,-2.6903819511016662,20.0
32,2,null,,40,5000,best_grid_baseline,band_ons,0.005,,0,0.0,0.0,0.0007677019450571244,,,,-0.12632320846199302,22.111111111111107
32,2,null,,40,5000,oracle,oracle,,,136,0.0272,0.02304132562570655,0.03208461333353947,7.0,6.0,9.0,-2.553153405331061,20.0
32,2,null,,100,5000,static,static,,,70,0.014,0.011096433554600585,0.017649772735994947,10.0,7.0,12.0,-2.873785295809647,20.0
32,2,null,,100,5000,best_grid_baseline,band_ons,0.005,,0,0.0,0.0,0.0007677019450571244,,,,-0.17724174327526,22.111111111111107
32,2,null,,100,5000,oracle,oracle,,,160,0.032,0.027469558463827544,0.03724901055674593,9.0,7.0,10.5,-2.868707109861158,20.0
32,2,null,,200,5000,static,static,,,72,0.0144,0.011450945038477642,0.01809464709056184,10.0,7.0,13.0,-2.931315405245162,20.0
32,2,null,,200,5000,best_grid_baseline,band_ons,0.005,,0,0.0,0.0,0.0007677019450571244,,,,-0.21401885577631155,22.111111111111107
32,2,null,,200,5000,oracle,oracle,,,162,0.0324,0.027839983119601012,0.037677971739416415,9.0,7.0,11.0,-2.931249458037663,20.0
32,2,beta_2,2.0,40,5000,static,static,,,673,0.1346,0.12541992669478189,0.1443411098866659,13.0,12.0,14.0,-1.8869142494631646,20.0
32,2,beta_2,2.0,40,5000,best_grid_baseline,band_ons,0.005,,0,0.0,0.0,0.0007677019450571244,,,,-0.3186645173961907,22.111111111111107
32,2,beta_2,2.0,40,5000,oracle,oracle,,,1782,0.3564,0.34323971493887484,0.36978076905974566,13.0,13.0,14.0,-0.4103927773336311,20.0
32,2,beta_2,2.0,100,5000,static,static,,,909,0.1818,0.17135529840851516,0.1927332671093192,18.0,17.0,21.0,-2.027425212120806,20.0
32,2,beta_2,2.0,100,5000,best_grid_baseline,band_ons,0.005,,0,0.0,0.0,0.0007677019450571244,,,,-0.4370757826926064,22.111111111111107
32,2,beta_2,2.0,100,5000,oracle,oracle,,,2107,0.4214,0.40777873710155876,0.4351419456442043,16.0,15.0,16.0,-1.738808526276224,20.0
32,2,beta_2,2.0,200,5000,static,static,,,1018,0.2036,0.19266813936484387,0.21498695434818607,22.0,20.0,25.5,-1.9640927077396428,20.0
32,2,beta_2,2.0,200,5000,best_grid_baseline,band_mix,0.045,,1,0.0002,3.530578343936526e-05,0.0011320890808397363,178.0,178.0,178.0,-2.8437521382655024,190.99999999999983
32,2,beta_2,2.0,200,5000,oracle,oracle,,,2198,0.4396,0.42589402623932066,0.45339871215564237,16.0,16.0,17.0,-1.9196704928593733,20.0
32,2,beta_4,4.0,40,5000,static,static,,,3668,0.7336,0.7211705648000308,0.7456707648512386,12.0,12.0,12.0,4.01670559393806,20.0
32,2,beta_4,4.0,40,5000,best_grid_baseline,band_ons,0.035,,101,0.0202,0.01665298861444311,0.02448369817203371,31.0,30.0,32.0,-0.816381250748257,64.33333333333333
32,2,beta_4,4.0,40,5000,oracle,oracle,,,4695,0.939,0.9320231909753299,0.9453027667169099,8.0,8.0,8.0,7.852465623895226,20.0
32,2,beta_4,4.0,100,5000,static,static,,,4333,0.8666,0.8568936487084158,0.8757434722254684,14.0,14.0,15.0,6.984891982125662,20.0
32,2,beta_4,4.0,100,5000,best_grid_baseline,band_ons,0.04,,333,0.0666,0.06001647553764848,0.07384896850832705,57.0,53.0,62.0,-1.236363125499608,95.99999999999997
32,2,beta_4,4.0,100,5000,oracle,oracle,,,4854,0.9708,0.9657595747936563,0.975117557054878,8.0,8.0,8.0,10.892215823972478,20.0
32,2,beta_4,4.0,200,5000,static,static,,,4572,0.9144,0.906323561130444,0.9218401674974926,15.0,14.5,16.0,9.41313024399112,20.0
32,2,beta_4,4.0,200,5000,best_grid_baseline,band_mix,0.045,,576,0.1152,0.10664451746396811,0.12434630595294785,97.0,92.5,102.0,-1.4527988286979214,190.99999999999983
32,2,beta_4,4.0,200,5000,oracle,oracle,,,4905,0.981,0.9768300047866302,0.984431465942225,8.0,8.0,8.0,13.305386344973057,20.0
32,2,beta_8,8.0,40,5000,static,static,,,4964,0.9928,0.9900487489604066,0.9947946040025453,7.0,7.0,7.0,12.963671007133712,20.0
32,2,beta_8,8.0,40,5000,best_grid_baseline,band_ons,0.035,,2066,0.4132,0.3996231078068057,0.4269101652508563,28.0,28.0,29.0,3.215602326519637,64.33333333333333
32,2,beta_8,8.0,40,5000,oracle,oracle,,,4998,0.9996,0.9985426134985768,0.9998902987179225,4.0,4.0,5.0,17.085052079930584,20.0
32,2,beta_8,8.0,100,5000,static,static,,,4996,0.9992,0.9979446733541565,0.9996888530238984,7.0,7.0,7.0,21.542343816014046,20.0
32,2,beta_8,8.0,100,5000,best_grid_baseline,band_ons,0.04,,3643,0.7286,0.7161022572817031,0.740746749389017,38.0,37.0,38.0,9.331568711916217,95.99999999999997
32,2,beta_8,8.0,100,5000,oracle,oracle,,,5000,1.0,0.9992322980549431,1.0,4.0,4.0,5.0,26.564617730152968,20.0
32,2,beta_8,8.0,200,5000,static,static,,,4999,0.9998,0.9988679109191605,0.9999646942165608,7.0,7.0,7.0,28.351732315039015,20.0
32,2,beta_8,8.0,200,5000,best_grid_baseline,band_mix,0.045,,4181,0.8362,0.8256842958668758,0.8461995013452681,53.0,52.0,54.0,20.104347078920526,190.99999999999983
32,2,beta_8,8.0,200,5000,oracle,oracle,,,5000,1.0,0.9992322980549431,1.0,4.0,4.0,5.0,34.37839501550629,20.0
