condition,true_gamma,geometry,control_geometry,horizon,method,cross_rate_difference_vs_G0,cross_diff_ci_low,cross_diff_ci_high,truncated_stop_mean_difference_vs_G0,truncated_stop_diff_ci_low,truncated_stop_diff_ci_high
null,,upper_inside,high_outside,40,static,-0.0006,-0.0026,0.0014,-0.0234,-0.08760499999999999,0.03620999999999995
null,,upper_inside,high_outside,40,primary_baseline,0.0,0.0,0.0,0.0,0.0,0.0
null,,upper_inside,high_outside,40,oracle,0.0,0.0,0.0,0.0,0.0,0.0
null,,upper_inside,high_outside,100,static,-0.0024,-0.0048,-0.0002,0.0746,-0.11641999999999997,0.267
null,,upper_inside,high_outside,100,primary_baseline,0.0,0.0,0.0,0.0,0.0,0.0
null,,upper_inside,high_outside,100,oracle,0.0,0.0,0.0,0.0,0.0,0.0
null,,upper_inside,high_outside,200,static,-0.0026,-0.005,-0.0002,0.3254,-0.08770499999999981,0.7670349999999998
null,,upper_inside,high_outside,200,primary_baseline,0.0,0.0,0.0,0.0,0.0,0.0
null,,upper_inside,high_outside,200,oracle,0.0,0.0,0.0,0.0,0.0,0.0
null,,mixed_inside,high_outside,40,static,0.0034,0.001,0.0058,-0.1372,-0.223605,-0.05479500000000003
null,,mixed_inside,high_outside,40,primary_baseline,0.0,0.0,0.0,0.0,0.0,0.0
null,,mixed_inside,high_outside,40,oracle,0.0,0.0,0.0,0.0,0.0,0.0
null,,mixed_inside,high_outside,100,static,0.0014,-0.0014,0.0042,-0.2696,-0.498005,-0.03459000000000005
null,,mixed_inside,high_outside,100,primary_baseline,0.0,0.0,0.0,0.0,0.0,0.0
null,,mixed_inside,high_outside,100,oracle,0.0,0.0,0.0,0.0,0.0,0.0
null,,mixed_inside,high_outside,200,static,0.0012,-0.0014,0.0038,-0.399,-0.9011499999999998,0.10056999999999908
null,,mixed_inside,high_outside,200,primary_baseline,0.0,0.0,0.0,0.0,0.0,0.0
null,,mixed_inside,high_outside,200,oracle,0.0,0.0,0.0,0.0,0.0,0.0
null,,random_static_inside,high_outside,40,static,0.0048,0.0022,0.0074,-0.2006,-0.29560499999999995,-0.1104
null,,random_static_inside,high_outside,40,primary_baseline,0.0,0.0,0.0,0.0,0.0,0.0
null,,random_static_inside,high_outside,40,oracle,0.0,0.0,0.0,0.0,0.0,0.0
null,,random_static_inside,high_outside,100,static,0.0032,0.0004,0.006,-0.44,-0.6916249999999999,-0.19999500000000003
null,,random_static_inside,high_outside,100,primary_baseline,0.0,0.0,0.0,0.0,0.0,0.0
null,,random_static_inside,high_outside,100,oracle,0.0,0.0,0.0,0.0,0.0,0.0
null,,random_static_inside,high_outside,200,static,0.0028,-0.0004,0.0058,-0.7302,-1.2967199999999997,-0.19547500000000068
null,,random_static_inside,high_outside,200,primary_baseline,0.0,0.0,0.0,0.0,0.0,0.0
null,,random_static_inside,high_outside,200,oracle,0.0,0.0,0.0,0.0,0.0,0.0
beta_2,2.0,upper_inside,high_outside,40,static,0.0,-0.0066,0.0072,-0.237,-0.414205,-0.06359500000000003
beta_2,2.0,upper_inside,high_outside,40,primary_baseline,0.0,0.0,0.0,0.0,0.0,0.0
beta_2,2.0,upper_inside,high_outside,40,oracle,0.0,0.0,0.0,0.0,0.0,0.0
beta_2,2.0,upper_inside,high_outside,100,static,-0.0278,-0.03520499999999999,-0.0194,0.7714,0.19459,1.325929999999998
beta_2,2.0,upper_inside,high_outside,100,primary_baseline,0.0,0.0,0.0,0.0,0.0,0.0
beta_2,2.0,upper_inside,high_outside,100,oracle,0.0,0.0,0.0,0.0,0.0,0.0
beta_2,2.0,upper_inside,high_outside,200,static,-0.0434,-0.05180499999999999,-0.035,4.4954,3.1203950000000003,5.8448649999999995
beta_2,2.0,upper_inside,high_outside,200,primary_baseline,0.0002,0.0,0.0006,-0.0186,-0.0496,0.0
beta_2,2.0,upper_inside,high_outside,200,oracle,0.0,0.0,0.0,0.0,0.0,0.0
beta_2,2.0,mixed_inside,high_outside,40,static,0.0738,0.065795,0.082,-2.2174,-2.4520049999999998,-2.0201450000000003
beta_2,2.0,mixed_inside,high_outside,40,primary_baseline,0.0,0.0,0.0,0.0,0.0,0.0
beta_2,2.0,mixed_inside,high_outside,40,oracle,0.0,0.0,0.0,0.0,0.0,0.0
beta_2,2.0,mixed_inside,high_outside,100,static,0.0604,0.052,0.0686,-6.2528,-6.93568,-5.594860000000001
beta_2,2.0,mixed_inside,high_outside,100,primary_baseline,0.0008,0.0002,0.0016,-0.0336,-0.07,-0.0066
beta_2,2.0,mixed_inside,high_outside,100,oracle,0.0,0.0,0.0,0.0,0.0,0.0
beta_2,2.0,mixed_inside,high_outside,200,static,0.0502,0.0422,0.0584,-11.6834,-13.163959999999998,-10.215915000000003
beta_2,2.0,mixed_inside,high_outside,200,primary_baseline,0.0018,0.0008,0.003,-0.153,-0.284805,-0.05098000000000011
beta_2,2.0,mixed_inside,high_outside,200,oracle,0.0,0.0,0.0,0.0,0.0,0.0
beta_2,2.0,random_static_inside,high_outside,40,static,0.084,0.0758,0.0926,-2.5934,-2.82781,-2.354215000000001
beta_2,2.0,random_static_inside,high_outside,40,primary_baseline,0.0002,0.0,0.0006,-0.0008,-0.0024,0.0
beta_2,2.0,random_static_inside,high_outside,40,oracle,0.0,0.0,0.0,0.0,0.0,0.0
beta_2,2.0,random_static_inside,high_outside,100,static,0.0724,0.0636,0.082,-7.3014,-8.05261,-6.6193100000000005
beta_2,2.0,random_static_inside,high_outside,100,primary_baseline,0.0012,0.0004,0.0022,-0.0624,-0.11800999999999998,-0.0184
beta_2,2.0,random_static_inside,high_outside,100,oracle,0.0,0.0,0.0,0.0,0.0,0.0
beta_2,2.0,random_static_inside,high_outside,200,static,0.0644,0.0554,0.0736,-14.072,-15.72885,-12.501565
beta_2,2.0,random_static_inside,high_outside,200,primary_baseline,0.0026,0.0014,0.004,-0.2512,-0.41681999999999997,-0.10739000000000005
beta_2,2.0,random_static_inside,high_outside,200,oracle,0.0,0.0,0.0,0.0,0.0,0.0
beta_4,4.0,upper_inside,high_outside,40,static,0.052,0.04339500000000001,0.061,-2.7268,-2.962405,-2.4955800000000004
beta_4,4.0,upper_inside,high_outside,40,primary_baseline,0.014,0.0108,0.0174,-0.0976,-0.123,-0.075
beta_4,4.0,upper_inside,high_outside,40,oracle,0.0,0.0,0.0,0.0,0.0,0.0
beta_4,4.0,upper_inside,high_outside,100,static,-0.0096,-0.0168,-0.002595000000000027,-3.4714,-4.025795,-2.91976
beta_4,4.0,upper_inside,high_outside,100,primary_baseline,0.0632,0.05639500000000001,0.07,-2.5544,-2.787245,-2.3259950000000003
beta_4,4.0,upper_inside,high_outside,100,oracle,0.0,0.0,0.0,0.0,0.0,0.0
beta_4,4.0,upper_inside,high_outside,200,static,-0.025,-0.0312,-0.019,-1.5476,-2.5908450000000003,-0.45430500000000057
beta_4,4.0,upper_inside,high_outside,200,primary_baseline,0.101,0.0926,0.1098,-10.8606,-11.59827,-10.099520000000002
beta_4,4.0,upper_inside,high_outside,200,oracle,0.0,0.0,0.0,0.0,0.0,0.0
beta_4,4.0,mixed_inside,high_outside,40,static,0.1326,0.1224,0.142,-6.168,-6.423025,-5.9089849999999995
beta_4,4.0,mixed_inside,high_outside,40,primary_baseline,0.0456,0.0398,0.0516,-0.3332,-0.382005,-0.2868
beta_4,4.0,mixed_inside,high_outside,40,oracle,0.0,0.0,0.0,0.0,0.0,0.0
beta_4,4.0,mixed_inside,high_outside,100,static,0.0582,0.050995000000000006,0.0654,-11.3248,-11.944030000000001,-10.74713
beta_4,4.0,mixed_inside,high_outside,100,primary_baseline,0.1862,0.1758,0.19760499999999998,-7.8776,-8.313075000000001,-7.4045950000000005
beta_4,4.0,mixed_inside,high_outside,100,oracle,0.0,0.0,0.0,0.0,0.0,0.0
beta_4,4.0,mixed_inside,high_outside,200,static,0.0278,0.0224,0.0334,-15.292,-16.2932,-14.23936
beta_4,4.0,mixed_inside,high_outside,200,primary_baseline,0.259,0.247,0.2716,-30.8396,-32.16366,-29.49218
beta_4,4.0,mixed_inside,high_outside,200,oracle,0.0,0.0,0.0,0.0,0.0,0.0
beta_4,4.0,random_static_inside,high_outside,40,static,0.141,0.1306,0.1508,-6.5988,-6.8638,-6.3333900000000005
beta_4,4.0,random_static_inside,high_outside,40,primary_baseline,0.058,0.0518,0.0648,-0.4746,-0.531,-0.417795
beta_4,4.0,random_static_inside,high_outside,40,oracle,0.0,0.0,0.0,0.0,0.0,0.0
beta_4,4.0,random_static_inside,high_outside,100,static,0.0618,0.05459500000000001,0.0694,-12.0326,-12.682245,-11.37958
beta_4,4.0,random_static_inside,high_outside,100,primary_baseline,0.2108,0.1994,0.223,-9.4068,-9.9122,-8.923605
beta_4,4.0,random_static_inside,high_outside,100,oracle,0.0,0.0,0.0,0.0,0.0,0.0
beta_4,4.0,random_static_inside,high_outside,200,static,0.0324,0.0264,0.0384,-16.3962,-17.565855,-15.252790000000001
beta_4,4.0,random_static_inside,high_outside,200,primary_baseline,0.2796,0.2674,0.2916,-34.633,-36.057405,-33.111515000000004
beta_4,4.0,random_static_inside,high_outside,200,oracle,0.0,0.0,0.0,0.0,0.0,0.0
beta_8,8.0,upper_inside,high_outside,40,static,0.0036,0.0016,0.0056,-1.6602,-1.753805,-1.570195
beta_8,8.0,upper_inside,high_outside,40,primary_baseline,0.272,0.2594,0.284805,-3.172,-3.2788,-3.06799
beta_8,8.0,upper_inside,high_outside,40,oracle,0.0,0.0,0.0,0.0,0.0,0.0
beta_8,8.0,upper_inside,high_outside,100,static,0.0,-0.0006,0.0006,-1.7044,-1.819405,-1.5903850000000002
beta_8,8.0,upper_inside,high_outside,100,primary_baseline,0.1642,0.1546,0.1748,-16.2758,-16.64525,-15.89777
beta_8,8.0,upper_inside,high_outside,100,oracle,0.0,0.0,0.0,0.0,0.0,0.0
beta_8,8.0,upper_inside,high_outside,200,static,-0.0002,-0.0006,0.0,-1.697,-1.8192,-1.57559
beta_8,8.0,upper_inside,high_outside,200,primary_baseline,0.1078,0.0988,0.1164,-29.228,-30.154645,-28.34312
beta_8,8.0,upper_inside,high_outside,200,oracle,0.0,0.0,0.0,0.0,0.0,0.0
beta_8,8.0,mixed_inside,high_outside,40,static,0.0054,0.0036,0.0074,-2.424,-2.5276,-2.3259950000000003
beta_8,8.0,mixed_inside,high_outside,40,primary_baseline,0.4156,0.4026,0.4286,-5.4256,-5.560409999999999,-5.288395
beta_8,8.0,mixed_inside,high_outside,40,oracle,0.0,0.0,0.0,0.0,0.0,0.0
beta_8,8.0,mixed_inside,high_outside,100,static,0.0002,0.0,0.0006,-2.5344,-2.6578049999999998,-2.411195
beta_8,8.0,mixed_inside,high_outside,100,primary_baseline,0.2228,0.2118,0.23440499999999997,-24.1228,-24.574455,-23.661535
beta_8,8.0,mixed_inside,high_outside,100,oracle,0.0,0.0,0.0,0.0,0.0,0.0
beta_8,8.0,mixed_inside,high_outside,200,static,0.0,0.0,0.0,-2.5346,-2.66801,-2.4107950000000002
beta_8,8.0,mixed_inside,high_outside,200,primary_baseline,0.1334,0.1244,0.143,-40.7868,-41.948805,-39.62526
beta_8,8.0,mixed_inside,high_outside,200,oracle,0.0,0.0,0.0,0.0,0.0,0.0
beta_8,8.0,random_static_inside,high_outside,40,static,0.0052,0.0032,0.0074,-2.4936,-2.5896049999999997,-2.3933950000000004
beta_8,8.0,random_static_inside,high_outside,40,primary_baseline,0.4284,0.41519500000000004,0.4426,-5.8186,-5.96221,-5.674955
beta_8,8.0,random_static_inside,high_outside,40,oracle,0.0,0.0,0.0,0.0,0.0,0.0
beta_8,8.0,random_static_inside,high_outside,100,static,0.0004,-0.0002,0.0012,-2.6032,-2.726825,-2.4786
beta_8,8.0,random_static_inside,high_outside,100,primary_baseline,0.2192,0.2076,0.2308,-24.4746,-24.97832,-23.994795
beta_8,8.0,random_static_inside,high_outside,100,oracle,0.0,0.0,0.0,0.0,0.0,0.0
beta_8,8.0,random_static_inside,high_outside,200,static,0.0002,0.0,0.0006,-2.624,-2.7794149999999997,-2.489575
beta_8,8.0,random_static_inside,high_outside,200,primary_baseline,0.1316,0.1226,0.1412,-40.8312,-41.993165000000005,-39.591235000000005
beta_8,8.0,random_static_inside,high_outside,200,oracle,0.0,0.0,0.0,0.0,0.0,0.0
