K,M,condition,true_gamma,geometry,horizon,reps,primary_baseline_method,primary_baseline_delta,static_minus_primary,static_minus_primary_ci_low,static_minus_primary_ci_high,oracle_minus_static,oracle_minus_static_ci_low,oracle_minus_static_ci_high
32,2,null,,high_outside,40,5000,band_mix,0.045,0.0116,0.0086,0.0148,0.0156,0.0122,0.019
32,2,null,,high_outside,100,5000,band_mix,0.045,0.014,0.0106,0.0174,0.018,0.0144,0.022
32,2,null,,high_outside,200,5000,band_mix,0.045,0.0144,0.0112,0.0178,0.018,0.0144,0.0218
32,2,null,,upper_inside,40,5000,band_mix,0.045,0.011,0.0084,0.014,0.0162,0.013,0.019604999999999973
32,2,null,,upper_inside,100,5000,band_mix,0.045,0.0116,0.0088,0.0148,0.0204,0.0166,0.0244
32,2,null,,upper_inside,200,5000,band_mix,0.045,0.0118,0.0088,0.0148,0.0206,0.016795000000000008,0.0246
32,2,null,,mixed_inside,40,5000,band_mix,0.045,0.015,0.011795000000000009,0.0184,0.0122,0.009,0.015204999999999972
32,2,null,,mixed_inside,100,5000,band_mix,0.045,0.0154,0.0122,0.019,0.0166,0.0132,0.020204999999999973
32,2,null,,mixed_inside,200,5000,band_mix,0.045,0.0156,0.0122,0.019,0.0168,0.0134,0.0206
32,2,null,,random_static_inside,40,5000,band_mix,0.045,0.0164,0.013,0.020004999999999974,0.0108,0.008,0.0138
32,2,null,,random_static_inside,100,5000,band_mix,0.045,0.0172,0.0136,0.0212,0.0148,0.011795000000000009,0.018204999999999975
32,2,null,,random_static_inside,200,5000,band_mix,0.045,0.0172,0.0136,0.0212,0.0152,0.012,0.018404999999999973
32,2,beta_2,2.0,high_outside,40,5000,band_mix,0.045,0.1346,0.125,0.1442,0.2218,0.2104,0.2336
32,2,beta_2,2.0,high_outside,100,5000,band_mix,0.045,0.1818,0.1708,0.1934,0.2396,0.2276,0.25120499999999996
32,2,beta_2,2.0,high_outside,200,5000,band_mix,0.045,0.2034,0.191995,0.2144,0.236,0.2244,0.2484
32,2,beta_2,2.0,upper_inside,40,5000,band_mix,0.045,0.1346,0.1248,0.1438,0.2218,0.210195,0.2332
32,2,beta_2,2.0,upper_inside,100,5000,band_mix,0.045,0.154,0.144,0.1644,0.2674,0.2554,0.279605
32,2,beta_2,2.0,upper_inside,200,5000,band_mix,0.045,0.1598,0.1496,0.1704,0.2794,0.267195,0.291605
32,2,beta_2,2.0,mixed_inside,40,5000,band_mix,0.045,0.2084,0.1972,0.21960499999999997,0.148,0.1382,0.1578
32,2,beta_2,2.0,mixed_inside,100,5000,band_mix,0.045,0.2414,0.2298,0.253,0.1792,0.169,0.1894
32,2,beta_2,2.0,mixed_inside,200,5000,band_mix,0.045,0.2518,0.239995,0.2638,0.1858,0.1752,0.19660499999999997
32,2,beta_2,2.0,random_static_inside,40,5000,band_mix,0.045,0.2184,0.206995,0.2298,0.1378,0.1282,0.1468
32,2,beta_2,2.0,random_static_inside,100,5000,band_mix,0.045,0.253,0.241,0.265,0.1672,0.1568,0.1776
32,2,beta_2,2.0,random_static_inside,200,5000,band_mix,0.045,0.2652,0.2524,0.2778,0.1716,0.1608,0.1822
32,2,beta_4,4.0,high_outside,40,5000,band_mix,0.045,0.7292,0.7168,0.7414,0.2054,0.1946,0.2168
32,2,beta_4,4.0,high_outside,100,5000,band_mix,0.045,0.8062,0.7954,0.8168,0.1042,0.0962,0.113
32,2,beta_4,4.0,high_outside,200,5000,band_mix,0.045,0.7992,0.788195,0.8102,0.0666,0.0598,0.07340499999999998
32,2,beta_4,4.0,upper_inside,40,5000,band_mix,0.045,0.7672,0.7556,0.7792049999999999,0.1534,0.143595,0.1636
32,2,beta_4,4.0,upper_inside,100,5000,band_mix,0.045,0.7334,0.7214,0.7468,0.1138,0.105,0.1222
32,2,beta_4,4.0,upper_inside,200,5000,band_mix,0.045,0.6732,0.66,0.6862,0.0916,0.0836,0.0998
32,2,beta_4,4.0,mixed_inside,40,5000,band_mix,0.045,0.8162,0.8048,0.8268099999999999,0.0728,0.0658,0.0804
32,2,beta_4,4.0,mixed_inside,100,5000,band_mix,0.045,0.6782,0.6648,0.6918,0.046,0.0404,0.052
32,2,beta_4,4.0,mixed_inside,200,5000,band_mix,0.045,0.568,0.5537949999999999,0.5818,0.0388,0.0334,0.0444
32,2,beta_4,4.0,random_static_inside,40,5000,band_mix,0.045,0.8122,0.8008,0.822205,0.0644,0.0576,0.07120499999999998
32,2,beta_4,4.0,random_static_inside,100,5000,band_mix,0.045,0.6572,0.6443949999999999,0.6704,0.0424,0.0366,0.048
32,2,beta_4,4.0,random_static_inside,200,5000,band_mix,0.045,0.552,0.5386,0.5666049999999999,0.0342,0.0294,0.03920499999999997
32,2,beta_8,8.0,high_outside,40,5000,band_mix,0.045,0.7732,0.761795,0.785,0.0068,0.0046,0.0092
32,2,beta_8,8.0,high_outside,100,5000,band_mix,0.045,0.2802,0.268,0.292605,0.0008,0.0002,0.0016
32,2,beta_8,8.0,high_outside,200,5000,band_mix,0.045,0.1636,0.1528,0.1742,0.0002,0.0,0.0006
32,2,beta_8,8.0,upper_inside,40,5000,band_mix,0.045,0.5048,0.4912,0.5190049999999999,0.0032,0.0017950000000000088,0.0048
32,2,beta_8,8.0,upper_inside,100,5000,band_mix,0.045,0.116,0.1076,0.125,0.0008,0.0002,0.0016
32,2,beta_8,8.0,upper_inside,200,5000,band_mix,0.045,0.0556,0.0494,0.0624,0.0004,0.0,0.001
32,2,beta_8,8.0,mixed_inside,40,5000,band_mix,0.045,0.363,0.35,0.376405,0.0014,0.0004,0.0026
32,2,beta_8,8.0,mixed_inside,100,5000,band_mix,0.045,0.0576,0.0514,0.064,0.0006,0.0,0.0014
32,2,beta_8,8.0,mixed_inside,200,5000,band_mix,0.045,0.0302,0.0256,0.035,0.0002,0.0,0.0006
32,2,beta_8,8.0,random_static_inside,40,5000,band_mix,0.045,0.35,0.33659500000000003,0.3622,0.0016,0.0006,0.0028
32,2,beta_8,8.0,random_static_inside,100,5000,band_mix,0.045,0.0614,0.05519500000000001,0.0684,0.0004,0.0,0.001
32,2,beta_8,8.0,random_static_inside,200,5000,band_mix,0.045,0.0322,0.0276,0.0374,0.0,0.0,0.0
