K,M,condition,true_gamma,geometry,horizon,reps,reported_method,underlying_method,delta,D,cross_count,cross_rate,cross_ci_low,cross_ci_high,truncated_stop_mean,truncated_stop_ci_low,truncated_stop_ci_high,median_delay_detected,median_delay_ci_low,median_delay_ci_high,median_loge,threshold
32,2,null,,high_outside,40,5000,static,static,,,58,0.0116,0.008984523450010988,0.014965367809920811,40.6486,40.545795,40.7388,7.0,6.0,10.0,-2.6903819511016662,20.0
32,2,null,,high_outside,40,5000,primary_baseline,band_mix,0.045,,0,0.0,0.0,0.0007677019450571244,41.0,41.0,41.0,,,,-2.1914769827882936,190.99999999999983
32,2,null,,high_outside,40,5000,best_grid_baseline,band_ons,0.005,,0,0.0,0.0,0.0007677019450571244,41.0,41.0,41.0,,,,-0.12632320846199302,22.111111111111107
32,2,null,,high_outside,40,5000,oracle,oracle,,,136,0.0272,0.02304132562570655,0.03208461333353947,40.178,40.0326,40.3208,7.0,6.0,8.5,-2.553153405331061,20.0
32,2,null,,high_outside,100,5000,static,static,,,70,0.014,0.011096433554600585,0.017649772735994947,99.8636,99.57754,100.12182999999999,10.0,7.0,11.5,-2.873785295809647,20.0
32,2,null,,high_outside,100,5000,primary_baseline,band_mix,0.045,,0,0.0,0.0,0.0007677019450571244,101.0,101.0,101.0,,,,-2.81964184478068,190.99999999999983
32,2,null,,high_outside,100,5000,best_grid_baseline,band_ons,0.005,,0,0.0,0.0,0.0007677019450571244,101.0,101.0,101.0,,,,-0.17724174327526,22.111111111111107
32,2,null,,high_outside,100,5000,oracle,oracle,,,160,0.032,0.027469558463827544,0.03724901055674593,98.3376,97.907795,98.736245,9.0,7.0,10.0,-2.868707109861158,20.0
32,2,null,,high_outside,200,5000,static,static,,,72,0.0144,0.011450945038477642,0.01809464709056184,198.4338,197.82135000000002,199.02681,10.0,7.0,14.0,-2.931315405245162,20.0
32,2,null,,high_outside,200,5000,primary_baseline,band_mix,0.045,,0,0.0,0.0,0.0007677019450571244,201.0,201.0,201.0,,,,-2.9836390627668257,190.99999999999983
32,2,null,,high_outside,200,5000,best_grid_baseline,band_ons,0.005,,0,0.0,0.0,0.0007677019450571244,201.0,201.0,201.0,,,,-0.21401885577631155,22.111111111111107
32,2,null,,high_outside,200,5000,oracle,oracle,,,162,0.0324,0.027839983119601012,0.037677971739416415,195.1068,194.213795,196.00421,9.0,7.0,11.0,-2.931249458037663,20.0
32,2,null,,upper_inside,40,5000,static,static,,,55,0.011,0.008461172335733187,0.014289640166532683,40.6252,40.52599,40.71941,5.0,4.0,7.0,-2.761882161669625,20.0
32,2,null,,upper_inside,40,5000,primary_baseline,band_mix,0.045,,0,0.0,0.0,0.0007677019450571244,41.0,41.0,41.0,,,,-2.172822163765902,190.99999999999983
32,2,null,,upper_inside,40,5000,best_grid_baseline,band_ons,0.005,,0,0.0,0.0,0.0007677019450571244,41.0,41.0,41.0,,,,-0.23010484402203835,22.111111111111107
32,2,null,,upper_inside,40,5000,oracle,oracle,,,136,0.0272,0.02304132562570655,0.03208461333353947,40.178,40.033185,40.30923,7.0,6.0,9.0,-2.553153405331061,20.0
32,2,null,,upper_inside,100,5000,static,static,,,58,0.0116,0.008984523450010988,0.014965367809920811,99.9382,99.65352,100.1932,5.5,4.0,7.5,-2.94529805793327,20.0
32,2,null,,upper_inside,100,5000,primary_baseline,band_mix,0.045,,0,0.0,0.0,0.0007677019450571244,101.0,101.0,101.0,,,,-2.808524161847563,190.99999999999983
32,2,null,,upper_inside,100,5000,best_grid_baseline,band_ons,0.005,,0,0.0,0.0,0.0007677019450571244,101.0,101.0,101.0,,,,-0.31824122283421347,22.111111111111107
32,2,null,,upper_inside,100,5000,oracle,oracle,,,160,0.032,0.027469558463827544,0.03724901055674593,98.3376,97.90518499999999,98.73264,9.0,7.0,10.0,-2.868707109861158,20.0
32,2,null,,upper_inside,200,5000,static,static,,,59,0.0118,0.009159421922706208,0.015190162256447572,198.7592,198.17955,199.284935,6.0,4.0,8.0,-2.9812799753418595,20.0
32,2,null,,upper_inside,200,5000,primary_baseline,band_mix,0.045,,0,0.0,0.0,0.0007677019450571244,201.0,201.0,201.0,,,,-2.9820016755167247,190.99999999999983
32,2,null,,upper_inside,200,5000,best_grid_baseline,band_ons,0.005,,0,0.0,0.0,0.0007677019450571244,201.0,201.0,201.0,,,,-0.3840747890086516,22.111111111111107
32,2,null,,upper_inside,200,5000,oracle,oracle,,,162,0.0324,0.027839983119601012,0.037677971739416415,195.1068,194.17130500000002,195.99302,9.0,7.0,10.5,-2.931249458037663,20.0
32,2,null,,mixed_inside,40,5000,static,static,,,75,0.015,0.011983909566843724,0.01876076131986169,40.5114,40.401395,40.61721,6.0,4.0,8.0,-2.748665766158785,20.0
32,2,null,,mixed_inside,40,5000,primary_baseline,band_mix,0.045,,0,0.0,0.0,0.0007677019450571244,41.0,41.0,41.0,,,,-2.1099073930498013,190.99999999999983
32,2,null,,mixed_inside,40,5000,best_grid_baseline,band_ons,0.005,,0,0.0,0.0,0.0007677019450571244,41.0,41.0,41.0,,,,-0.28555561105301763,22.111111111111107
32,2,null,,mixed_inside,40,5000,oracle,oracle,,,136,0.0272,0.02304132562570655,0.03208461333353947,40.178,40.035975,40.31423,7.0,6.0,8.5,-2.553153405331061,20.0
32,2,null,,mixed_inside,100,5000,static,static,,,77,0.0154,0.012339981325724817,0.019204075399424557,99.594,99.26717000000001,99.877415,6.0,5.0,8.0,-2.945952773041216,20.0
32,2,null,,mixed_inside,100,5000,primary_baseline,band_mix,0.045,,0,0.0,0.0,0.0007677019450571244,101.0,101.0,101.0,,,,-2.768329027424806,190.99999999999983
32,2,null,,mixed_inside,100,5000,best_grid_baseline,band_ons,0.005,,0,0.0,0.0,0.0007677019450571244,101.0,101.0,101.0,,,,-0.3888132583530407,22.111111111111107
32,2,null,,mixed_inside,100,5000,oracle,oracle,,,160,0.032,0.027469558463827544,0.03724901055674593,98.3376,97.89058,98.73943,9.0,7.0,10.012499999999932,-2.868707109861158,20.0
32,2,null,,mixed_inside,200,5000,static,static,,,78,0.0156,0.01251823713404905,0.01942551251032229,198.0348,197.37937,198.657895,6.0,5.0,8.0,-2.981175666750098,20.0
32,2,null,,mixed_inside,200,5000,primary_baseline,band_mix,0.045,,0,0.0,0.0,0.0007677019450571244,201.0,201.0,201.0,,,,-2.975110254681906,190.99999999999983
32,2,null,,mixed_inside,200,5000,best_grid_baseline,band_ons,0.005,,0,0.0,0.0,0.0007677019450571244,201.0,201.0,201.0,,,,-0.4664581648845109,22.111111111111107
32,2,null,,mixed_inside,200,5000,oracle,oracle,,,162,0.0324,0.027839983119601012,0.037677971739416415,195.1068,194.175975,195.96125999999998,9.0,7.0,11.0,-2.931249458037663,20.0
32,2,null,,random_static_inside,40,5000,static,static,,,82,0.0164,0.01323266415044011,0.020309857170819144,40.448,40.3256,40.5652,5.0,4.0,6.5,-2.738113638298907,20.0
32,2,null,,random_static_inside,40,5000,primary_baseline,band_mix,0.045,,0,0.0,0.0,0.0007677019450571244,41.0,41.0,41.0,,,,-2.1069448142371283,190.99999999999983
32,2,null,,random_static_inside,40,5000,best_grid_baseline,band_ons,0.005,,0,0.0,0.0,0.0007677019450571244,41.0,41.0,41.0,,,,-0.2966357077758894,22.111111111111107
32,2,null,,random_static_inside,40,5000,oracle,oracle,,,136,0.0272,0.02304132562570655,0.03208461333353947,40.178,40.02274499999999,40.310605,7.0,6.0,8.5,-2.553153405331061,20.0
32,2,null,,random_static_inside,100,5000,static,static,,,86,0.0172,0.013949219247445802,0.021192073750701364,99.4236,99.102195,99.738225,5.5,4.0,7.0,-2.9391236112176573,20.0
32,2,null,,random_static_inside,100,5000,primary_baseline,band_mix,0.045,,0,0.0,0.0,0.0007677019450571244,101.0,101.0,101.0,,,,-2.7646055841945736,190.99999999999983
32,2,null,,random_static_inside,100,5000,best_grid_baseline,band_ons,0.005,,0,0.0,0.0,0.0007677019450571244,101.0,101.0,101.0,,,,-0.3991151063517734,22.111111111111107
32,2,null,,random_static_inside,100,5000,oracle,oracle,,,160,0.032,0.027469558463827544,0.03724901055674593,98.3376,97.91113499999999,98.74661,9.0,7.0,10.0,-2.868707109861158,20.0
32,2,null,,random_static_inside,200,5000,static,static,,,86,0.0172,0.013949219247445802,0.021192073750701364,197.7036,196.95411,198.34679,5.5,4.0,7.0,-2.9789064262789156,20.0
32,2,null,,random_static_inside,200,5000,primary_baseline,band_mix,0.045,,0,0.0,0.0,0.0007677019450571244,201.0,201.0,201.0,,,,-2.9742209300940115,190.99999999999983
32,2,null,,random_static_inside,200,5000,best_grid_baseline,band_ons,0.005,,0,0.0,0.0,0.0007677019450571244,201.0,201.0,201.0,,,,-0.47580563239620566,22.111111111111107
32,2,null,,random_static_inside,200,5000,oracle,oracle,,,162,0.0324,0.027839983119601012,0.037677971739416415,195.1068,194.19896500000002,195.99048,9.0,7.0,11.0,-2.931249458037663,20.0
32,2,beta_2,2.0,high_outside,40,5000,static,static,,,673,0.1346,0.12541992669478189,0.1443411098866659,37.623,37.368485,37.871805,13.0,12.0,14.0,-1.8869142494631646,20.0
32,2,beta_2,2.0,high_outside,40,5000,primary_baseline,band_mix,0.045,,0,0.0,0.0,0.0007677019450571244,41.0,41.0,41.0,,,,-1.7040602025164127,190.99999999999983
32,2,beta_2,2.0,high_outside,40,5000,best_grid_baseline,band_ons,0.005,,0,0.0,0.0,0.0007677019450571244,41.0,41.0,41.0,,,,-0.3186645173961907,22.111111111111107
32,2,beta_2,2.0,high_outside,40,5000,oracle,oracle,,,1782,0.3564,0.34323971493887484,0.36978076905974566,31.8886,31.517575,32.255045,13.0,13.0,14.0,-0.4103927773336311,20.0
32,2,beta_2,2.0,high_outside,100,5000,static,static,,,909,0.1818,0.17135529840851516,0.1927332671093192,87.83,86.980125,88.659665,18.0,17.0,21.0,-2.027425212120806,20.0
32,2,beta_2,2.0,high_outside,100,5000,primary_baseline,band_mix,0.045,,0,0.0,0.0,0.0007677019450571244,101.0,101.0,101.0,,,,-2.3973915803922203,190.99999999999983
32,2,beta_2,2.0,high_outside,100,5000,best_grid_baseline,band_ons,0.005,,0,0.0,0.0,0.0007677019450571244,101.0,101.0,101.0,,,,-0.4370757826926064,22.111111111111107
32,2,beta_2,2.0,high_outside,100,5000,oracle,oracle,,,2107,0.4214,0.40777873710155876,0.4351419456442043,67.914,66.800005,69.043655,16.0,15.0,16.0,-1.738808526276224,20.0
32,2,beta_2,2.0,high_outside,200,5000,static,static,,,1018,0.2036,0.19266813936484387,0.21498695434818607,168.2964,166.4731,170.17657,22.0,20.0,26.0,-1.9640927077396428,20.0
32,2,beta_2,2.0,high_outside,200,5000,primary_baseline,band_mix,0.045,,1,0.0002,3.530578343936526e-05,0.0011320890808397363,200.9954,200.9862,201.0,178.0,178.0,178.0,-2.8437521382655024,190.99999999999983
32,2,beta_2,2.0,high_outside,200,5000,best_grid_baseline,band_mix,0.045,,1,0.0002,3.530578343936526e-05,0.0011320890808397363,200.9954,200.9862,201.0,178.0,178.0,178.0,-2.8437521382655024,190.99999999999983
32,2,beta_2,2.0,high_outside,200,5000,oracle,oracle,,,2198,0.4396,0.42589402623932066,0.45339871215564237,124.6062,122.088925,127.093565,16.0,16.0,17.0,-1.9196704928593733,20.0
32,2,beta_2,2.0,upper_inside,40,5000,static,static,,,673,0.1346,0.12541992669478189,0.1443411098866659,37.386,37.121735,37.645,11.0,11.0,12.0,-2.0578845721731893,20.0
32,2,beta_2,2.0,upper_inside,40,5000,primary_baseline,band_mix,0.045,,0,0.0,0.0,0.0007677019450571244,41.0,41.0,41.0,,,,-1.6460666863624187,190.99999999999983
32,2,beta_2,2.0,upper_inside,40,5000,best_grid_baseline,band_ons,0.005,,0,0.0,0.0,0.0007677019450571244,41.0,41.0,41.0,,,,-0.5733863022815486,22.111111111111107
32,2,beta_2,2.0,upper_inside,40,5000,oracle,oracle,,,1782,0.3564,0.34323971493887484,0.36978076905974566,31.8886,31.50178,32.2606,13.0,13.0,14.0,-0.4103927773336311,20.0
32,2,beta_2,2.0,upper_inside,100,5000,static,static,,,770,0.154,0.14426113404221916,0.1642701157037604,88.6014,87.80418999999999,89.426005,13.0,12.0,14.0,-2.6411601586832,20.0
32,2,beta_2,2.0,upper_inside,100,5000,primary_baseline,band_mix,0.045,,0,0.0,0.0,0.0007677019450571244,101.0,101.0,101.0,,,,-2.327171986515915,190.99999999999983
32,2,beta_2,2.0,upper_inside,100,5000,best_grid_baseline,band_ons,0.005,,0,0.0,0.0,0.0007677019450571244,101.0,101.0,101.0,,,,-0.7775537975317044,22.111111111111107
32,2,beta_2,2.0,upper_inside,100,5000,oracle,oracle,,,2107,0.4214,0.40777873710155876,0.4351419456442043,67.914,66.80573000000001,68.96755,16.0,15.0,16.0,-1.738808526276224,20.0
32,2,beta_2,2.0,upper_inside,200,5000,static,static,,,801,0.1602,0.15029466775989886,0.17062706248196202,172.7918,170.95015,174.67176,14.0,13.0,15.0,-2.786821714852371,20.0
32,2,beta_2,2.0,upper_inside,200,5000,primary_baseline,band_mix,0.045,,2,0.0004,0.00010970128207763504,0.0014573865014234437,200.9768,200.9412,201.0,143.0,139.0,147.0,-2.8018519294389232,190.99999999999983
32,2,beta_2,2.0,upper_inside,200,5000,best_grid_baseline,band_mix,0.045,,2,0.0004,0.00010970128207763504,0.0014573865014234437,200.9768,200.9412,201.0,143.0,139.0,147.0,-2.8018519294389232,190.99999999999983
32,2,beta_2,2.0,upper_inside,200,5000,oracle,oracle,,,2198,0.4396,0.42589402623932066,0.45339871215564237,124.6062,122.232195,127.04261,16.0,16.0,17.0,-1.9196704928593733,20.0
32,2,beta_2,2.0,mixed_inside,40,5000,static,static,,,1042,0.2084,0.1973678646364898,0.21987985913786756,35.4056,35.065785000000005,35.71802,11.0,11.0,12.0,-1.6612360630656422,20.0
32,2,beta_2,2.0,mixed_inside,40,5000,primary_baseline,band_mix,0.045,,0,0.0,0.0,0.0007677019450571244,41.0,41.0,41.0,,,,-1.5167553619927316,190.99999999999983
32,2,beta_2,2.0,mixed_inside,40,5000,best_grid_baseline,band_ons,0.03,,1,0.0002,3.530578343936526e-05,0.0011320890808397363,40.998,40.994,41.0,31.0,31.0,31.0,-1.0172444344878007,48.49999999999999
32,2,beta_2,2.0,mixed_inside,40,5000,oracle,oracle,,,1782,0.3564,0.34323971493887484,0.36978076905974566,31.8886,31.497985,32.26322,13.0,13.0,14.0,-0.4103927773336311,20.0
32,2,beta_2,2.0,mixed_inside,100,5000,static,static,,,1211,0.2422,0.23052599122746006,0.25426983589541147,81.5772,80.59587,82.596775,14.0,13.0,15.0,-2.390211047081104,20.0
32,2,beta_2,2.0,mixed_inside,100,5000,primary_baseline,band_mix,0.045,,4,0.0008,0.00031114697610156263,0.0020553266458434704,100.9664,100.930195,100.9934,62.5,43.0,68.0,-2.164687538175574,190.99999999999983
32,2,beta_2,2.0,mixed_inside,100,5000,best_grid_baseline,band_mix,0.035,,6,0.0012,0.0005500831677591556,0.002615776292629832,100.9532,100.9074,100.990615,60.5,42.5,83.0,-2.218822306607075,64.33333333333333
32,2,beta_2,2.0,mixed_inside,100,5000,oracle,oracle,,,2107,0.4214,0.40777873710155876,0.4351419456442043,67.914,66.76731,69.09708499999999,16.0,15.0,16.0,-1.738808526276224,20.0
32,2,beta_2,2.0,mixed_inside,200,5000,static,static,,,1269,0.2538,0.24192968042315685,0.2660483360145893,156.613,154.49268,158.762805,15.0,13.0,15.0,-2.5571895103167828,20.0
32,2,beta_2,2.0,mixed_inside,200,5000,primary_baseline,band_mix,0.045,,10,0.002,0.0010867468609438852,0.0036778842763330113,200.8424,200.71578,200.94861,116.0,65.0,182.0,-2.688879950273056,190.99999999999983
32,2,beta_2,2.0,mixed_inside,200,5000,best_grid_baseline,band_ons,0.04,,11,0.0022,0.001228915407138813,0.003935408649360061,200.8216,200.6768,200.9336,111.0,62.0,180.0,-1.8095891685679404,95.99999999999997
32,2,beta_2,2.0,mixed_inside,200,5000,oracle,oracle,,,2198,0.4396,0.42589402623932066,0.45339871215564237,124.6062,122.19099999999999,127.166015,16.0,16.0,17.0,-1.9196704928593733,20.0
32,2,beta_2,2.0,random_static_inside,40,5000,static,static,,,1093,0.2186,0.20736260649956564,0.23026945615511255,35.0296,34.68577,35.34921000000001,11.0,10.0,12.0,-1.665558164854338,20.0
32,2,beta_2,2.0,random_static_inside,40,5000,primary_baseline,band_mix,0.045,,1,0.0002,3.530578343936526e-05,0.0011320890808397363,40.9992,40.9976,41.0,37.0,37.0,37.0,-1.491753769484989,190.99999999999983
32,2,beta_2,2.0,random_static_inside,40,5000,best_grid_baseline,band_ons,0.025,,4,0.0008,0.00031114697610156263,0.0020553266458434704,40.9922,40.9832,40.9986,32.0,27.0,34.0,-1.0050790246722583,38.99999999999999
32,2,beta_2,2.0,random_static_inside,40,5000,oracle,oracle,,,1782,0.3564,0.34323971493887484,0.36978076905974566,31.8886,31.51237,32.26,13.0,13.0,14.0,-0.4103927773336311,20.0
32,2,beta_2,2.0,random_static_inside,100,5000,static,static,,,1271,0.2542,0.2423231155891033,0.26645428668708676,80.5286,79.50747,81.574685,13.0,12.0,14.0,-2.382218249312773,20.0
32,2,beta_2,2.0,random_static_inside,100,5000,primary_baseline,band_mix,0.045,,6,0.0012,0.0005500831677591556,0.002615776292629832,100.9376,100.884795,100.9816,45.5,40.0,61.5,-2.137970453632331,190.99999999999983
32,2,beta_2,2.0,random_static_inside,100,5000,best_grid_baseline,band_ons,0.03,,7,0.0014,0.0006783326019524562,0.0028872197776585087,100.9236,100.862195,100.9778,33.0,32.0,65.0,-1.4327306599891165,48.49999999999999
32,2,beta_2,2.0,random_static_inside,100,5000,oracle,oracle,,,2107,0.4214,0.40777873710155876,0.4351419456442043,67.914,66.818865,69.07508,16.0,15.0,16.0,-1.738808526276224,20.0
32,2,beta_2,2.0,random_static_inside,200,5000,static,static,,,1340,0.268,0.2559047039480651,0.28045150975444155,154.2244,152.085385,156.356275,14.0,13.0,15.0,-2.5286552884494378,20.0
32,2,beta_2,2.0,random_static_inside,200,5000,primary_baseline,band_mix,0.045,,14,0.0028,0.0016686770757911352,0.00469472573837367,200.7442,200.5694,200.8884,113.5,46.0,163.0,-2.6606984994117555,190.99999999999983
32,2,beta_2,2.0,random_static_inside,200,5000,best_grid_baseline,band_mix,0.04,,15,0.003,0.0018189297776376753,0.004944165955749107,200.7312,200.553585,200.885615,108.0,42.0,174.0,-2.6822862841547312,95.99999999999997
32,2,beta_2,2.0,random_static_inside,200,5000,oracle,oracle,,,2198,0.4396,0.42589402623932066,0.45339871215564237,124.6062,122.159015,127.045165,16.0,16.0,17.0,-1.9196704928593733,20.0
32,2,beta_4,4.0,high_outside,40,5000,static,static,,,3668,0.7336,0.7211705648000308,0.7456707648512386,21.5318,21.1446,21.935064999999998,12.0,12.0,12.0,4.01670559393806,20.0
32,2,beta_4,4.0,high_outside,40,5000,primary_baseline,band_mix,0.045,,22,0.0044,0.002907564752999219,0.006653381414941403,40.9714,40.956395,40.9838,34.0,32.5,37.0,-0.7319732787705379,190.99999999999983
32,2,beta_4,4.0,high_outside,40,5000,best_grid_baseline,band_ons,0.035,,101,0.0202,0.01665298861444311,0.02448369817203371,40.7908,40.74039,40.837205000000004,31.0,30.0,32.0,-0.816381250748257,64.33333333333333
32,2,beta_4,4.0,high_outside,40,5000,oracle,oracle,,,4695,0.939,0.9320231909753299,0.9453027667169099,11.8548,11.56852,12.135105,8.0,8.0,8.0,7.852465623895226,20.0
32,2,beta_4,4.0,high_outside,100,5000,static,static,,,4333,0.8666,0.8568936487084158,0.8757434722254684,32.3622,31.413965,33.28061,14.0,14.0,15.0,6.984891982125662,20.0
32,2,beta_4,4.0,high_outside,100,5000,primary_baseline,band_mix,0.045,,302,0.0604,0.054128216165158255,0.06734674738493598,98.9738,98.709595,99.224835,67.0,65.0,70.0,-1.1075832982533937,190.99999999999983
32,2,beta_4,4.0,high_outside,100,5000,best_grid_baseline,band_ons,0.04,,333,0.0666,0.06001647553764848,0.07384896850832705,98.1604,97.815325,98.50402000000001,57.0,54.0,62.024999999999864,-1.236363125499608,95.99999999999997
32,2,beta_4,4.0,high_outside,100,5000,oracle,oracle,,,4854,0.9708,0.9657595747936563,0.975117557054878,14.198,13.666775,14.71172,8.0,8.0,8.0,10.892215823972478,20.0
32,2,beta_4,4.0,high_outside,200,5000,static,static,,,4572,0.9144,0.906323561130444,0.9218401674974926,42.7818,41.10634,44.338845,15.0,14.0,16.0,9.41313024399112,20.0
32,2,beta_4,4.0,high_outside,200,5000,primary_baseline,band_mix,0.045,,576,0.1152,0.10664451746396811,0.12434630595294785,189.7184,188.789325,190.666405,97.0,92.98750000000003,102.0,-1.4527988286979214,190.99999999999983
32,2,beta_4,4.0,high_outside,200,5000,best_grid_baseline,band_mix,0.045,,576,0.1152,0.10664451746396811,0.12434630595294785,189.7184,188.7554,190.594385,97.0,93.0,102.0,-1.4527988286979214,190.99999999999983
32,2,beta_4,4.0,high_outside,200,5000,oracle,oracle,,,4905,0.981,0.9768300047866302,0.984431465942225,16.5512,15.70676,17.41112,8.0,8.0,8.0,13.305386344973057,20.0
32,2,beta_4,4.0,upper_inside,40,5000,static,static,,,3928,0.7856,0.7740073482445888,0.7967541404043945,18.805,18.423505000000002,19.17288,10.0,10.0,10.0,4.313286358669398,20.0
32,2,beta_4,4.0,upper_inside,40,5000,primary_baseline,band_mix,0.045,,92,0.0184,0.01502773389063461,0.022511716622844416,40.8738,40.842594999999996,40.9042,36.0,34.0,37.0,-0.42339145515085597,190.99999999999983
32,2,beta_4,4.0,upper_inside,40,5000,best_grid_baseline,band_ons,0.035,,227,0.0454,0.039970320043562504,0.051527674564883455,40.4784,40.3976,40.554005000000004,29.0,28.0,31.0,-0.8861571191019759,64.33333333333333
32,2,beta_4,4.0,upper_inside,40,5000,oracle,oracle,,,4695,0.939,0.9320231909753299,0.9453027667169099,11.8548,11.581380000000001,12.133845,8.0,8.0,8.0,7.852465623895226,20.0
32,2,beta_4,4.0,upper_inside,100,5000,static,static,,,4285,0.857,0.8470224384974786,0.8664294223137506,28.8908,27.94615,29.80841,11.0,11.0,11.0,5.600251050786744,20.0
32,2,beta_4,4.0,upper_inside,100,5000,primary_baseline,band_mix,0.045,,618,0.1236,0.1147651859365398,0.13301274008769923,96.4194,96.03679,96.809005,63.0,61.0,66.0,-0.6099088502216778,190.99999999999983
32,2,beta_4,4.0,upper_inside,100,5000,best_grid_baseline,band_mix,0.04,,643,0.1286,0.11960549401099346,0.138164754993795,95.9126,95.505165,96.31403499999999,61.0,58.0,63.0,-0.7230221605254752,95.99999999999997
32,2,beta_4,4.0,upper_inside,100,5000,oracle,oracle,,,4854,0.9708,0.9657595747936563,0.975117557054878,14.198,13.680945,14.726424999999999,8.0,8.0,8.0,10.892215823972478,20.0
32,2,beta_4,4.0,upper_inside,200,5000,static,static,,,4447,0.8894,0.8804058630431287,0.8977962506820608,41.2342,39.467885,42.96904,12.0,11.0,12.0,6.866309583825469,20.0
32,2,beta_4,4.0,upper_inside,200,5000,primary_baseline,band_mix,0.045,,1081,0.2162,0.20500996570339272,0.22782578192062178,178.8578,177.530195,180.108985,90.0,86.0,94.0,-0.6796456069986205,190.99999999999983
32,2,beta_4,4.0,upper_inside,200,5000,best_grid_baseline,band_mix,0.045,,1081,0.2162,0.20500996570339272,0.22782578192062178,178.8578,177.515565,180.196225,90.0,86.0,94.0,-0.6796456069986205,190.99999999999983
32,2,beta_4,4.0,upper_inside,200,5000,oracle,oracle,,,4905,0.981,0.9768300047866302,0.984431465942225,16.5512,15.725114999999999,17.445439999999998,8.0,8.0,8.0,13.305386344973057,20.0
32,2,beta_4,4.0,mixed_inside,40,5000,static,static,,,4331,0.8662,0.856482034514594,0.8753557005808461,15.3638,15.016365,15.70486,9.0,9.0,9.0,5.8711196584050604,20.0
32,2,beta_4,4.0,mixed_inside,40,5000,primary_baseline,band_mix,0.045,,250,0.05,0.044296896700570555,0.05639403504998087,40.6382,40.583794999999995,40.688610000000004,34.5,33.0,35.0,0.1410762377682102,190.99999999999983
32,2,beta_4,4.0,mixed_inside,40,5000,best_grid_baseline,band_ons,0.03,,485,0.097,0.0891033190865822,0.10551544868113386,39.789,39.66777,39.9076,29.0,28.0,30.0,-0.6243883592672446,48.49999999999999
32,2,beta_4,4.0,mixed_inside,40,5000,oracle,oracle,,,4695,0.939,0.9320231909753299,0.9453027667169099,11.8548,11.58169,12.122845,8.0,8.0,8.0,7.852465623895226,20.0
32,2,beta_4,4.0,mixed_inside,100,5000,static,static,,,4624,0.9248,0.917159773626062,0.9317879868014175,21.0374,20.269180000000002,21.77084,10.0,9.0,10.0,8.09707414295747,20.0
32,2,beta_4,4.0,mixed_inside,100,5000,primary_baseline,band_mix,0.045,,1233,0.2466,0.2348501649952256,0.25873890635052943,91.0962,90.505,91.633995,59.0,57.0,60.0,0.4692345674545234,190.99999999999983
32,2,beta_4,4.0,mixed_inside,100,5000,best_grid_baseline,band_mix,0.04,,1276,0.2552,0.2433067621323737,0.2674691047399263,90.0514,89.46237500000001,90.63682499999999,55.0,53.0,57.0,0.22985327811833145,95.99999999999997
32,2,beta_4,4.0,mixed_inside,100,5000,oracle,oracle,,,4854,0.9708,0.9657595747936563,0.975117557054878,14.198,13.64899,14.714065,8.0,8.0,8.0,10.892215823972478,20.0
32,2,beta_4,4.0,mixed_inside,200,5000,static,static,,,4711,0.9422,0.9353856748476457,0.9483353695521459,27.4898,26.173360000000002,28.792839999999998,10.0,9.0,10.0,9.99171349714654,20.0
32,2,beta_4,4.0,mixed_inside,200,5000,primary_baseline,band_mix,0.045,,1871,0.3742,0.3608881676495593,0.38770498615981713,158.8788,157.249525,160.56261,78.0,75.0,81.0,1.2510154913954512,190.99999999999983
32,2,beta_4,4.0,mixed_inside,200,5000,best_grid_baseline,band_mix,0.045,,1871,0.3742,0.3608881676495593,0.38770498615981713,158.8788,157.11182,160.54041,78.0,75.0,81.0,1.2510154913954512,190.99999999999983
32,2,beta_4,4.0,mixed_inside,200,5000,oracle,oracle,,,4905,0.981,0.9768300047866302,0.984431465942225,16.5512,15.706065,17.37172,8.0,8.0,8.0,13.305386344973057,20.0
32,2,beta_4,4.0,random_static_inside,40,5000,static,static,,,4373,0.8746,0.8651319890733773,0.883492848629386,14.933,14.58778,15.267859999999999,9.0,8.0,9.0,5.958371576848386,20.0
32,2,beta_4,4.0,random_static_inside,40,5000,primary_baseline,band_mix,0.045,,312,0.0624,0.05602563980511454,0.06944625293719944,40.4968,40.433595,40.55802,34.0,33.0,34.0,0.2094987294926116,190.99999999999983
32,2,beta_4,4.0,random_static_inside,40,5000,best_grid_baseline,band_ons,0.035,,562,0.1124,0.10394089071879227,0.12145423182901603,39.5248,39.391795,39.65861,28.0,27.0,29.0,-0.48212686166470975,64.33333333333333
32,2,beta_4,4.0,random_static_inside,40,5000,oracle,oracle,,,4695,0.939,0.9320231909753299,0.9453027667169099,11.8548,11.592155,12.136225,8.0,8.0,8.0,7.852465623895226,20.0
32,2,beta_4,4.0,random_static_inside,100,5000,static,static,,,4642,0.9284,0.9209198960630662,0.9352223369104089,20.3296,19.559775,21.078605000000003,9.0,9.0,9.0,8.326734798805628,20.0
32,2,beta_4,4.0,random_static_inside,100,5000,primary_baseline,band_mix,0.045,,1356,0.2712,0.25905625199131116,0.283695048418747,89.567,88.96456,90.16202000000001,57.0,55.0,58.0,0.6539521100809013,190.99999999999983
32,2,beta_4,4.0,random_static_inside,100,5000,best_grid_baseline,band_mix,0.04,,1397,0.2794,0.2671357536572877,0.2920029564408715,88.4798,87.851555,89.109735,53.0,52.0,56.0,0.3842503363921643,95.99999999999997
32,2,beta_4,4.0,random_static_inside,100,5000,oracle,oracle,,,4854,0.9708,0.9657595747936563,0.975117557054878,14.198,13.675635000000002,14.73894,8.0,8.0,8.0,10.892215823972478,20.0
32,2,beta_4,4.0,random_static_inside,200,5000,static,static,,,4734,0.9468,0.9402291004335007,0.9526848811083962,26.3856,25.06851,27.72813,9.0,9.0,10.0,10.014373970290663,20.0
32,2,beta_4,4.0,random_static_inside,200,5000,primary_baseline,band_mix,0.045,,1974,0.3948,0.3813369141699253,0.40842461031931476,155.0854,153.275915,156.872605,73.0,71.0,76.0,1.6920457000875628,190.99999999999983
32,2,beta_4,4.0,random_static_inside,200,5000,best_grid_baseline,band_mix,0.045,,1974,0.3948,0.3813369141699253,0.40842461031931476,155.0854,153.31776,156.80116999999998,73.0,71.0,76.0,1.6920457000875628,190.99999999999983
32,2,beta_4,4.0,random_static_inside,200,5000,oracle,oracle,,,4905,0.981,0.9768300047866302,0.984431465942225,16.5512,15.707564999999999,17.468574999999998,8.0,8.0,8.0,13.305386344973057,20.0
32,2,beta_8,8.0,high_outside,40,5000,static,static,,,4964,0.9928,0.9900487489604066,0.9947946040025453,8.2966,8.13519,8.452224999999999,7.0,7.0,7.0,12.963671007133712,20.0
32,2,beta_8,8.0,high_outside,40,5000,primary_baseline,band_mix,0.045,,1098,0.2196,0.20834304046977958,0.23128748678100847,39.5022,39.408989999999996,39.59461,34.0,34.0,35.0,3.2102381337823145,190.99999999999983
32,2,beta_8,8.0,high_outside,40,5000,best_grid_baseline,band_ons,0.035,,2066,0.4132,0.3996231078068057,0.4269101652508563,35.7936,35.600195,35.98664,28.0,28.0,29.0,3.215602326519637,64.33333333333333
32,2,beta_8,8.0,high_outside,40,5000,oracle,oracle,,,4998,0.9996,0.9985426134985768,0.9998902987179225,5.2138,5.1466,5.283805,4.0,4.0,5.0,17.085052079930584,20.0
32,2,beta_8,8.0,high_outside,100,5000,static,static,,,4996,0.9992,0.9979446733541565,0.9996888530238984,8.4578,8.27454,8.64981,7.0,7.0,7.0,21.542343816014046,20.0
32,2,beta_8,8.0,high_outside,100,5000,primary_baseline,band_mix,0.045,,3595,0.719,0.706376593274234,0.7312871532738311,66.2654,65.55654,66.97450500000001,49.0,48.0,50.0,9.323701850636974,190.99999999999983
32,2,beta_8,8.0,high_outside,100,5000,best_grid_baseline,band_ons,0.04,,3643,0.7286,0.7161022572817031,0.740746749389017,59.1104,58.26828,59.988369999999996,38.0,37.0,38.0,9.331568711916217,95.99999999999997
32,2,beta_8,8.0,high_outside,100,5000,oracle,oracle,,,5000,1.0,0.9992322980549431,1.0,5.229,5.148195,5.312,4.0,4.0,5.0,26.564617730152968,20.0
32,2,beta_8,8.0,high_outside,200,5000,static,static,,,4999,0.9998,0.9988679109191605,0.9999646942165608,8.4988,8.3002,8.722824999999998,7.0,7.0,7.0,28.351732315039015,20.0
32,2,beta_8,8.0,high_outside,200,5000,primary_baseline,band_mix,0.045,,4181,0.8362,0.8256842958668758,0.8461995013452681,86.8838,85.24155999999999,88.556805,53.0,52.0,54.0,20.104347078920526,190.99999999999983
32,2,beta_8,8.0,high_outside,200,5000,best_grid_baseline,band_mix,0.045,,4181,0.8362,0.8256842958668758,0.8461995013452681,86.8838,85.248665,88.45662999999999,53.0,52.0,54.0,20.104347078920526,190.99999999999983
32,2,beta_8,8.0,high_outside,200,5000,oracle,oracle,,,5000,1.0,0.9992322980549431,1.0,5.229,5.1499950000000005,5.308405,4.0,4.0,5.0,34.37839501550629,20.0
32,2,beta_8,8.0,upper_inside,40,5000,static,static,,,4982,0.9964,0.9943162662633602,0.997721559245587,6.6364,6.5095849999999995,6.756205,5.0,5.0,6.0,13.711956088415842,20.0
32,2,beta_8,8.0,upper_inside,40,5000,primary_baseline,band_mix,0.045,,2458,0.4916,0.4777546849530197,0.5054582124396574,36.3302,36.165575,36.493205,32.0,31.0,32.0,5.092006101980733,190.99999999999983
32,2,beta_8,8.0,upper_inside,40,5000,best_grid_baseline,band_ons,0.035,,3175,0.635,0.6215567628103582,0.6482359576644765,30.9214,30.6615,31.176265,24.0,24.0,25.0,5.281611325147077,64.33333333333333
32,2,beta_8,8.0,upper_inside,40,5000,oracle,oracle,,,4998,0.9996,0.9985426134985768,0.9998902987179225,5.2138,5.1446,5.29202,4.0,4.0,5.0,17.085052079930584,20.0
32,2,beta_8,8.0,upper_inside,100,5000,static,static,,,4996,0.9992,0.9979446733541565,0.9996888530238984,6.7534,6.601990000000001,6.9076200000000005,5.0,5.0,6.0,21.449909920458325,20.0
32,2,beta_8,8.0,upper_inside,100,5000,primary_baseline,band_mix,0.045,,4416,0.8832,0.8740018311663311,0.8918098020629772,49.9896,49.33239,50.669610000000006,38.0,38.0,39.0,14.359142891430428,190.99999999999983
32,2,beta_8,8.0,upper_inside,100,5000,best_grid_baseline,band_mix,0.04,,4431,0.8862,0.8770995196645681,0.8947075073530699,47.4178,46.771125,48.137544999999996,36.0,35.0,36.0,13.722062102470794,95.99999999999997
32,2,beta_8,8.0,upper_inside,100,5000,oracle,oracle,,,5000,1.0,0.9992322980549431,1.0,5.229,5.147595,5.31101,4.0,4.0,5.0,26.564617730152968,20.0
32,2,beta_8,8.0,upper_inside,200,5000,static,static,,,4998,0.9996,0.9985426134985768,0.9998902987179225,6.8018,6.619985,7.0028,5.0,5.0,6.0,27.850999351896974,20.0
32,2,beta_8,8.0,upper_inside,200,5000,primary_baseline,band_mix,0.045,,4720,0.944,0.9372794866675994,0.9500387940051899,57.6558,56.44411,58.93109,40.0,39.0,40.0,30.46810719931503,190.99999999999983
32,2,beta_8,8.0,upper_inside,200,5000,best_grid_baseline,band_mix,0.045,,4720,0.944,0.9372794866675994,0.9500387940051899,57.6558,56.47225,58.910675000000005,40.0,39.0,40.0,30.46810719931503,190.99999999999983
32,2,beta_8,8.0,upper_inside,200,5000,oracle,oracle,,,5000,1.0,0.9992322980549431,1.0,5.229,5.150775,5.3174,4.0,4.0,5.0,34.37839501550629,20.0
32,2,beta_8,8.0,mixed_inside,40,5000,static,static,,,4991,0.9982,0.9965823552896264,0.9990527064923188,5.8726,5.7766,5.96381,5.0,5.0,5.0,15.216326695475292,20.0
32,2,beta_8,8.0,mixed_inside,40,5000,primary_baseline,band_mix,0.045,,3176,0.6352,0.6217581631841196,0.648434250209937,34.0766,33.891995,34.257205,30.0,30.0,30.0,6.229898321613883,190.99999999999983
32,2,beta_8,8.0,mixed_inside,40,5000,best_grid_baseline,band_ons,0.035,,3820,0.764,0.7520303896180243,0.7755642637549856,27.6704,27.41038,27.94181,22.0,22.0,22.0,6.722864975749177,64.33333333333333
32,2,beta_8,8.0,mixed_inside,40,5000,oracle,oracle,,,4998,0.9996,0.9985426134985768,0.9998902987179225,5.2138,5.143995,5.2842,4.0,4.0,5.0,17.085052079930584,20.0
32,2,beta_8,8.0,mixed_inside,100,5000,static,static,,,4997,0.9994,0.9982372939514713,0.9997959253458056,5.9234,5.811185,6.042825,5.0,5.0,5.0,23.929569471760104,20.0
32,2,beta_8,8.0,mixed_inside,100,5000,primary_baseline,band_mix,0.045,,4709,0.9418,0.9349650691832874,0.9479565893780602,42.1426,41.576795,42.720005,34.0,34.0,34.0,17.459042169451266,190.99999999999983
32,2,beta_8,8.0,mixed_inside,100,5000,best_grid_baseline,band_mix,0.04,,4722,0.9444,0.9377005803660425,0.9504170861451908,39.5428,38.967985000000006,40.130535,31.0,31.0,32.0,16.844308868587518,95.99999999999997
32,2,beta_8,8.0,mixed_inside,100,5000,oracle,oracle,,,5000,1.0,0.9992322980549431,1.0,5.229,5.1491750000000005,5.31362,4.0,4.0,5.0,26.564617730152968,20.0
32,2,beta_8,8.0,mixed_inside,200,5000,static,static,,,4999,0.9998,0.9988679109191605,0.9999646942165608,5.9642,5.824595,6.12383,5.0,5.0,5.0,31.182590111579508,20.0
32,2,beta_8,8.0,mixed_inside,200,5000,primary_baseline,band_mix,0.045,,4848,0.9696,0.9644688866589882,0.9740100876742143,46.097,45.1982,47.096915,34.0,34.0,35.0,36.7619663904043,190.99999999999983
32,2,beta_8,8.0,mixed_inside,200,5000,best_grid_baseline,band_mix,0.045,,4848,0.9696,0.9644688866589882,0.9740100876742143,46.097,45.114505,47.029520000000005,34.0,34.0,35.0,36.7619663904043,190.99999999999983
32,2,beta_8,8.0,mixed_inside,200,5000,oracle,oracle,,,5000,1.0,0.9992322980549431,1.0,5.229,5.149395,5.3102,4.0,4.0,5.0,34.37839501550629,20.0
32,2,beta_8,8.0,random_static_inside,40,5000,static,static,,,4990,0.998,0.996322115723667,0.9989132531390561,5.803,5.7045900000000005,5.896205,5.0,5.0,5.0,15.62839480917491,20.0
32,2,beta_8,8.0,random_static_inside,40,5000,primary_baseline,band_mix,0.045,,3240,0.648,0.6346529885461472,0.6611197716781161,33.6836,33.492960000000004,33.871405,29.0,29.0,30.0,6.378109166421355,190.99999999999983
32,2,beta_8,8.0,random_static_inside,40,5000,best_grid_baseline,band_ons,0.035,,3853,0.7706,0.7587409011931887,0.7820436185141464,27.2374,26.970184999999997,27.51324,22.0,21.0,22.0,6.916222734991111,64.33333333333333
32,2,beta_8,8.0,random_static_inside,40,5000,oracle,oracle,,,4998,0.9996,0.9985426134985768,0.9998902987179225,5.2138,5.146590000000001,5.284,4.0,4.0,5.0,17.085052079930584,20.0
32,2,beta_8,8.0,random_static_inside,100,5000,static,static,,,4998,0.9996,0.9985426134985768,0.9998902987179225,5.8546,5.74139,5.9788049999999995,5.0,5.0,5.0,24.5381801031782,20.0
32,2,beta_8,8.0,random_static_inside,100,5000,primary_baseline,band_mix,0.045,,4691,0.9382,0.9311833900248039,0.9445437959905483,41.7908,41.21297,42.367435,33.0,33.0,34.0,17.911761615283094,190.99999999999983
32,2,beta_8,8.0,random_static_inside,100,5000,best_grid_baseline,band_mix,0.04,,4698,0.9396,0.932653252615064,0.9458717838348417,39.1978,38.588125,39.77541,30.0,30.0,31.0,17.30367299873602,95.99999999999997
32,2,beta_8,8.0,random_static_inside,100,5000,oracle,oracle,,,5000,1.0,0.9992322980549431,1.0,5.229,5.15139,5.312,4.0,4.0,5.0,26.564617730152968,20.0
32,2,beta_8,8.0,random_static_inside,200,5000,static,static,,,5000,1.0,0.9992322980549431,1.0,5.8748,5.7484,6.01861,5.0,5.0,5.0,31.783871380639823,20.0
32,2,beta_8,8.0,random_static_inside,200,5000,primary_baseline,band_mix,0.045,,4839,0.9678,0.9625364838902845,0.9723452541699201,46.0526,45.07246,47.046679999999995,34.0,33.0,34.0,37.54084440784186,190.99999999999983
32,2,beta_8,8.0,random_static_inside,200,5000,best_grid_baseline,band_mix,0.045,,4839,0.9678,0.9625364838902845,0.9723452541699201,46.0526,45.075325,47.062104999999995,34.0,33.0,34.0,37.54084440784186,190.99999999999983
32,2,beta_8,8.0,random_static_inside,200,5000,oracle,oracle,,,5000,1.0,0.9992322980549431,1.0,5.229,5.148195,5.311825,4.0,4.0,5.0,34.37839501550629,20.0
